1|1|1|1|1
1|2|1|1|1
1|3|1|1|1
1|4|1|1|1
1|5|1|1|1
1|6|1|1|1
1|7|1|1|1
2|1|2|1|1
2|2|2|1|1
2|3|2|1|1
2|4|2|1|1
2|5|2|1|1
2|6|3|1|1
2|7|3|1|1
2|8|3|1|1
2|9|3|1|1
2|10|3|1|1
2|11|3|1|1
2|12|3|1|1
2|13|3|1|1
2|14|3|1|1
2|15|3|1|1
2|16|3|1|1
2|17|4|1|1
2|18|4|1|1
2|19|4|1|1
2|20|4|1|1
2|21|4|1|1
2|22|4|1|1
2|23|4|1|1
2|24|4|1|1
2|25|5|1|1
2|26|5|2|1
2|27|5|2|1
2|28|5|2|1
2|29|5|2|1
2|30|6|2|1
2|31|6|2|1
2|32|6|2|1
2|33|6|2|1
2|34|6|2|1
2|35|6|2|1
2|36|6|2|1
2|37|6|2|1
2|38|7|2|1
2|39|7|2|1
2|40|7|2|1
2|41|7|2|1
2|42|7|2|1
2|43|7|2|1
2|44|7|3|1
2|45|7|3|1
2|46|7|3|1
2|47|7|3|1
2|48|7|3|1
2|49|8|3|1
2|50|8|3|1
2|51|8|3|1
2|52|8|3|1
2|53|8|3|1
2|54|8|3|1
2|55|8|3|1
2|56|8|3|1
2|57|8|3|1
2|58|9|3|1
2|59|9|3|1
2|60|9|4|1
2|61|9|4|1
2|62|10|4|1
2|63|10|4|1
2|64|10|4|1
2|65|10|4|1
2|66|10|4|1
2|67|10|4|1
2|68|10|4|1
2|69|10|4|1
2|70|11|4|1
2|71|11|4|1
2|72|11|4|1
2|73|11|4|1
2|74|11|4|1
2|75|11|5|1
2|76|11|5|1
2|77|12|5|1
2|78|12|5|1
2|79|12|5|1
2|80|12|5|1
2|81|12|5|1
2|82|12|5|1
2|83|12|5|1
2|84|13|5|1
2|85|13|5|1
2|86|13|5|1
2|87|13|5|1
2|88|13|5|1
2|89|14|5|1
2|90|14|5|1
2|91|14|5|1
2|92|14|6|1
2|93|14|6|1
2|94|15|6|1
2|95|15|6|1
2|96|15|6|1
2|97|15|6|1
2|98|15|6|1
2|99|15|6|1
2|100|15|6|1
2|101|15|6|1
2|102|16|6|1
2|103|16|6|1
2|104|16|6|1
2|105|16|6|1
2|106|17|7|1
2|107|17|7|1
2|108|17|7|1
2|109|17|7|1
2|110|17|7|1
2|111|17|7|1
2|112|17|7|1
2|113|18|7|1
2|114|18|7|1
2|115|18|7|1
2|116|18|7|1
2|117|18|7|1
2|118|18|7|1
2|119|18|7|1
2|120|19|7|1
2|121|19|7|1
2|122|19|7|1
2|123|19|7|1
2|124|19|8|1
2|125|19|8|1
2|126|19|8|1
2|127|20|8|1
2|128|20|8|1
2|129|20|8|1
2|130|20|8|1
2|131|20|8|1
2|132|20|8|1
2|133|20|8|1
2|134|20|8|1
2|135|21|8|1
2|136|21|8|1
2|137|21|8|1
2|138|21|8|1
2|139|21|8|1
2|140|21|8|1
2|141|21|8|1
2|142|22|9|2
2|143|22|9|2
2|144|22|9|2
2|145|22|9|2
2|146|23|9|2
2|147|23|9|2
2|148|23|9|2
2|149|23|9|2
2|150|23|9|2
2|151|23|9|2
2|152|23|9|2
2|153|23|9|2
2|154|24|9|2
2|155|24|9|2
2|156|24|9|2
2|157|24|9|2
2|158|24|10|2
2|159|24|10|2
2|160|24|10|2
2|161|24|10|2
2|162|24|10|2
2|163|24|10|2
2|164|25|10|2
2|165|25|10|2
2|166|25|10|2
2|167|25|10|2
2|168|25|10|2
2|169|25|10|2
2|170|26|10|2
2|171|26|10|2
2|172|26|10|2
2|173|26|10|2
2|174|26|10|2
2|175|26|10|2
2|176|26|10|2
2|177|27|11|2
2|178|27|11|2
2|179|27|11|2
2|180|27|11|2
2|181|27|11|2
2|182|28|11|2
2|183|28|11|2
2|184|28|11|2
2|185|28|11|2
2|186|28|11|2
2|187|29|11|2
2|188|29|11|2
2|189|29|12|2
2|190|29|12|2
2|191|30|12|2
2|192|30|12|2
2|193|30|12|2
2|194|30|12|2
2|195|30|12|2
2|196|30|12|2
2|197|31|12|2
2|198|31|12|2
2|199|31|12|2
2|200|31|12|2
2|201|31|12|2
2|202|31|12|2
2|203|32|13|2
2|204|32|13|2
2|205|32|13|2
2|206|32|13|2
2|207|32|13|2
2|208|32|13|2
2|209|32|13|2
2|210|32|13|2
2|211|33|13|2
2|212|33|13|2
2|213|33|13|2
2|214|33|13|2
2|215|33|13|2
2|216|34|13|2
2|217|34|13|2
2|218|34|13|2
2|219|34|14|2
2|220|35|14|2
2|221|35|14|2
2|222|35|14|2
2|223|35|14|2
2|224|35|14|2
2|225|36|14|2
2|226|36|14|2
2|227|36|14|2
2|228|36|14|2
2|229|36|14|2
2|230|36|14|2
2|231|37|14|2
2|232|37|14|2
2|233|37|15|2
2|234|38|15|2
2|235|38|15|2
2|236|38|15|2
2|237|38|15|2
2|238|39|15|2
2|239|39|15|2
2|240|39|15|2
2|241|39|15|2
2|242|39|15|2
2|243|39|16|2
2|244|39|16|2
2|245|39|16|2
2|246|40|16|2
2|247|40|16|2
2|248|40|16|2
2|249|41|16|2
2|250|41|16|2
2|251|41|16|2
2|252|41|16|2
2|253|42|17|3
2|254|42|17|3
2|255|42|17|3
2|256|42|17|3
2|257|43|17|3
2|258|43|17|3
2|259|43|17|3
2|260|44|17|3
2|261|44|17|3
2|262|44|17|3
2|263|44|18|3
2|264|44|18|3
2|265|45|18|3
2|266|45|18|3
2|267|45|18|3
2|268|45|18|3
2|269|45|18|3
2|270|46|18|3
2|271|46|18|3
2|272|46|19|3
2|273|46|19|3
2|274|46|19|3
2|275|47|19|3
2|276|47|19|3
2|277|47|19|3
2|278|47|19|3
2|279|47|19|3
2|280|47|19|3
2|281|47|19|3
2|282|48|19|3
2|283|49|20|3
2|284|49|20|3
2|285|49|20|3
2|286|49|20|3
3|1|50|20|3
3|2|50|20|3
3|3|50|20|3
3|4|50|20|3
3|5|50|20|3
3|6|50|20|3
3|7|50|20|3
3|8|50|20|3
3|9|50|20|3
3|10|51|20|3
3|11|51|20|3
3|12|51|20|3
3|13|51|20|3
3|14|51|20|3
3|15|51|21|3
3|16|52|21|3
3|17|52|21|3
3|18|52|21|3
3|19|52|21|3
3|20|52|21|3
3|21|52|21|3
3|22|52|21|3
3|23|53|21|3
3|24|53|21|3
3|25|53|21|3
3|26|53|21|3
3|27|53|21|3
3|28|53|21|3
3|29|53|21|3
3|30|54|21|3
3|31|54|21|3
3|32|54|21|3
3|33|54|22|3
3|34|54|22|3
3|35|54|22|3
3|36|54|22|3
3|37|54|22|3
3|38|55|22|3
3|39|55|22|3
3|40|55|22|3
3|41|55|22|3
3|42|55|22|3
3|43|55|22|3
3|44|55|22|3
3|45|55|22|3
3|46|56|22|3
3|47|56|22|3
3|48|56|22|3
3|49|56|22|3
3|50|56|22|3
3|51|56|22|3
3|52|56|23|3
3|53|57|23|3
3|54|57|23|3
3|55|57|23|3
3|56|57|23|3
3|57|57|23|3
3|58|57|23|3
3|59|57|23|3
3|60|57|23|3
3|61|57|23|3
3|62|58|23|3
3|63|58|23|3
3|64|58|23|3
3|65|58|23|3
3|66|58|23|3
3|67|58|23|3
3|68|58|23|3
3|69|58|23|3
3|70|58|23|3
3|71|59|23|3
3|72|59|23|3
3|73|59|23|3
3|74|59|23|3
3|75|59|24|3
3|76|59|24|3
3|77|59|24|3
3|78|60|24|3
3|79|60|24|3
3|80|60|24|3
3|81|60|24|3
3|82|60|24|3
3|83|60|24|3
3|84|61|24|3
3|85|61|24|3
3|86|61|24|3
3|87|61|24|3
3|88|61|24|3
3|89|61|24|3
3|90|61|24|3
3|91|61|24|3
3|92|62|24|3
3|93|62|25|4
3|94|62|25|4
3|95|62|25|4
3|96|62|25|4
3|97|62|25|4
3|98|62|25|4
3|99|62|25|4
3|100|62|25|4
3|101|63|25|4
3|102|63|25|4
3|103|63|25|4
3|104|63|25|4
3|105|63|25|4
3|106|63|25|4
3|107|63|25|4
3|108|63|25|4
3|109|64|25|4
3|110|64|25|4
3|111|64|25|4
3|112|64|25|4
3|113|64|26|4
3|114|64|26|4
3|115|64|26|4
3|116|65|26|4
3|117|65|26|4
3|118|65|26|4
3|119|65|26|4
3|120|65|26|4
3|121|65|26|4
3|122|66|26|4
3|123|66|26|4
3|124|66|26|4
3|125|66|26|4
3|126|66|26|4
3|127|66|26|4
3|128|66|26|4
3|129|66|26|4
3|130|66|26|4
3|131|66|26|4
3|132|66|26|4
3|133|67|27|4
3|134|67|27|4
3|135|67|27|4
3|136|67|27|4
3|137|67|27|4
3|138|67|27|4
3|139|67|27|4
3|140|67|27|4
3|141|68|27|4
3|142|68|27|4
3|143|68|27|4
3|144|68|27|4
3|145|68|27|4
3|146|68|27|4
3|147|68|27|4
3|148|68|27|4
3|149|69|27|4
3|150|69|27|4
3|151|69|27|4
3|152|69|27|4
3|153|69|28|4
3|154|70|28|4
3|155|70|28|4
3|156|70|28|4
3|157|70|28|4
3|158|71|28|4
3|159|71|28|4
3|160|71|28|4
3|161|71|28|4
3|162|71|28|4
3|163|71|28|4
3|164|71|28|4
3|165|71|28|4
3|166|72|28|4
3|167|72|28|4
3|168|72|28|4
3|169|72|28|4
3|170|72|28|4
3|171|72|29|4
3|172|72|29|4
3|173|72|29|4
3|174|73|29|4
3|175|73|29|4
3|176|73|29|4
3|177|73|29|4
3|178|73|29|4
3|179|73|29|4
3|180|73|29|4
3|181|74|29|4
3|182|74|29|4
3|183|74|29|4
3|184|74|29|4
3|185|74|29|4
3|186|74|30|4
3|187|75|30|4
3|188|75|30|4
3|189|75|30|4
3|190|75|30|4
3|191|75|30|4
3|192|75|30|4
3|193|75|30|4
3|194|75|30|4
3|195|76|30|4
3|196|76|30|4
3|197|76|30|4
3|198|76|30|4
3|199|76|30|4
3|200|76|30|4
4|1|77|31|4
4|2|77|31|4
4|3|77|31|4
4|4|77|31|4
4|5|77|31|4
4|6|77|31|4
4|7|78|31|4
4|8|78|31|4
4|9|78|31|4
4|10|78|31|4
4|11|78|31|4
4|12|79|32|4
4|13|79|32|4
4|14|79|32|4
4|15|80|32|4
4|16|80|32|4
4|17|80|32|4
4|18|80|32|4
4|19|80|32|4
4|20|81|32|4
4|21|81|32|4
4|22|81|32|4
4|23|81|32|4
4|24|82|33|5
4|25|82|33|5
4|26|82|33|5
4|27|83|33|5
4|28|83|33|5
4|29|83|33|5
4|30|83|33|5
4|31|83|33|5
4|32|83|33|5
4|33|83|33|5
4|34|84|33|5
4|35|84|33|5
4|36|84|34|5
4|37|84|34|5
4|38|85|34|5
4|39|85|34|5
4|40|85|34|5
4|41|85|34|5
4|42|85|34|5
4|43|85|34|5
4|44|85|34|5
4|45|86|34|5
4|46|86|34|5
4|47|86|34|5
4|48|86|34|5
4|49|86|34|5
4|50|86|34|5
4|51|86|34|5
4|52|87|34|5
4|53|87|34|5
4|54|87|34|5
4|55|87|34|5
4|56|87|34|5
4|57|87|34|5
4|58|87|35|5
4|59|87|35|5
4|60|88|35|5
4|61|88|35|5
4|62|88|35|5
4|63|88|35|5
4|64|88|35|5
4|65|88|35|5
4|66|89|35|5
4|67|89|35|5
4|68|89|35|5
4|69|89|35|5
4|70|89|35|5
4|71|89|35|5
4|72|89|35|5
4|73|89|35|5
4|74|89|36|5
4|75|90|36|5
4|76|90|36|5
4|77|90|36|5
4|78|90|36|5
4|79|90|36|5
4|80|91|36|5
4|81|91|36|5
4|82|91|36|5
4|83|91|36|5
4|84|91|36|5
4|85|91|36|5
4|86|91|36|5
4|87|92|36|5
4|88|92|37|5
4|89|92|37|5
4|90|92|37|5
4|91|92|37|5
4|92|93|37|5
4|93|93|37|5
4|94|93|37|5
4|95|94|37|5
4|96|94|37|5
4|97|94|37|5
4|98|94|37|5
4|99|94|37|5
4|100|94|38|5
4|101|94|38|5
4|102|95|38|5
4|103|95|38|5
4|104|95|38|5
4|105|95|38|5
4|106|96|38|5
4|107|96|38|5
4|108|96|38|5
4|109|96|38|5
4|110|96|38|5
4|111|96|38|5
4|112|96|38|5
4|113|96|38|5
4|114|97|39|5
4|115|97|39|5
4|116|97|39|5
4|117|97|39|5
4|118|97|39|5
4|119|97|39|5
4|120|97|39|5
4|121|97|39|5
4|122|98|39|5
4|123|98|39|5
4|124|98|39|5
4|125|98|39|5
4|126|98|39|5
4|127|98|39|5
4|128|99|39|5
4|129|99|39|5
4|130|99|39|5
4|131|99|39|5
4|132|99|39|5
4|133|99|39|5
4|134|99|39|5
4|135|100|40|5
4|136|100|40|5
4|137|100|40|5
4|138|100|40|5
4|139|100|40|5
4|140|100|40|5
4|141|101|40|5
4|142|101|40|5
4|143|101|40|5
4|144|101|40|5
4|145|101|40|5
4|146|101|40|5
4|147|101|40|5
4|148|102|41|6
4|149|102|41|6
4|150|102|41|6
4|151|102|41|6
4|152|102|41|6
4|153|102|41|6
4|154|102|41|6
4|155|103|41|6
4|156|103|41|6
4|157|103|41|6
4|158|103|41|6
4|159|103|41|6
4|160|103|41|6
4|161|103|41|6
4|162|103|41|6
4|163|104|42|6
4|164|104|42|6
4|165|104|42|6
4|166|104|42|6
4|167|104|42|6
4|168|104|42|6
4|169|104|42|6
4|170|104|42|6
4|171|105|42|6
4|172|105|42|6
4|173|105|42|6
4|174|105|42|6
4|175|105|42|6
4|176|106|42|6
5|1|106|43|6
5|2|106|43|6
5|3|107|43|6
5|4|107|43|6
5|5|107|43|6
5|6|108|43|6
5|7|108|43|6
5|8|108|43|6
5|9|108|43|6
5|10|109|43|6
5|11|109|43|6
5|12|109|44|6
5|13|109|44|6
5|14|110|44|6
5|15|110|44|6
5|16|110|44|6
5|17|110|44|6
5|18|111|44|6
5|19|111|44|6
5|20|111|44|6
5|21|111|44|6
5|22|111|44|6
5|23|111|44|6
5|24|112|44|6
5|25|112|44|6
5|26|112|44|6
5|27|112|45|6
5|28|112|45|6
5|29|112|45|6
5|30|112|45|6
5|31|112|45|6
5|32|113|45|6
5|33|113|45|6
5|34|113|45|6
5|35|113|45|6
5|36|113|45|6
5|37|114|45|6
5|38|114|45|6
5|39|114|45|6
5|40|114|45|6
5|41|114|46|6
5|42|115|46|6
5|43|115|46|6
5|44|115|46|6
5|45|115|46|6
5|46|116|46|6
5|47|116|46|6
5|48|116|46|6
5|49|116|46|6
5|50|116|46|6
5|51|117|47|6
5|52|117|47|6
5|53|117|47|6
5|54|117|47|6
5|55|117|47|6
5|56|117|47|6
5|57|117|47|6
5|58|118|47|6
5|59|118|47|6
5|60|118|47|6
5|61|118|47|6
5|62|118|47|6
5|63|118|47|6
5|64|118|47|6
5|65|119|47|6
5|66|119|47|6
5|67|119|48|6
5|68|119|48|6
5|69|119|48|6
5|70|119|48|6
5|71|120|48|6
5|72|120|48|6
5|73|120|48|6
5|74|120|48|6
5|75|120|48|6
5|76|120|48|6
5|77|121|48|6
5|78|121|48|6
5|79|121|48|6
5|80|121|48|6
5|81|121|48|6
5|82|121|49|7
5|83|122|49|7
5|84|122|49|7
5|85|122|49|7
5|86|122|49|7
5|87|122|49|7
5|88|122|49|7
5|89|122|49|7
5|90|123|49|7
5|91|123|49|7
5|92|123|49|7
5|93|123|49|7
5|94|123|49|7
5|95|123|49|7
5|96|124|49|7
5|97|124|50|7
5|98|124|50|7
5|99|124|50|7
5|100|124|50|7
5|101|124|50|7
5|102|124|50|7
5|103|124|50|7
5|104|125|50|7
5|105|125|50|7
5|106|125|50|7
5|107|125|50|7
5|108|125|50|7
5|109|126|51|7
5|110|126|51|7
5|111|126|51|7
5|112|126|51|7
5|113|126|51|7
5|114|127|51|7
5|115|127|51|7
5|116|127|51|7
5|117|127|51|7
5|118|127|51|7
5|119|127|51|7
5|120|127|51|7
6|1|128|51|7
6|2|128|51|7
6|3|128|51|7
6|4|128|51|7
6|5|128|51|7
6|6|128|51|7
6|7|128|51|7
6|8|128|51|7
6|9|129|51|7
6|10|129|51|7
6|11|129|51|7
6|12|129|51|7
6|13|129|52|7
6|14|129|52|7
6|15|129|52|7
6|16|129|52|7
6|17|129|52|7
6|18|129|52|7
6|19|130|52|7
6|20|130|52|7
6|21|130|52|7
6|22|130|52|7
6|23|130|52|7
6|24|130|52|7
6|25|130|52|7
6|26|130|52|7
6|27|130|52|7
6|28|131|52|7
6|29|131|52|7
6|30|131|52|7
6|31|131|52|7
6|32|131|52|7
6|33|131|52|7
6|34|131|52|7
6|35|131|52|7
6|36|132|53|7
6|37|132|53|7
6|38|132|53|7
6|39|132|53|7
6|40|132|53|7
6|41|132|53|7
6|42|132|53|7
6|43|132|53|7
6|44|132|53|7
6|45|133|53|7
6|46|133|53|7
6|47|133|53|7
6|48|133|53|7
6|49|133|53|7
6|50|133|53|7
6|51|133|53|7
6|52|133|53|7
6|53|134|53|7
6|54|134|53|7
6|55|134|53|7
6|56|134|53|7
6|57|134|53|7
6|58|134|53|7
6|59|134|54|7
6|60|135|54|7
6|61|135|54|7
6|62|135|54|7
6|63|135|54|7
6|64|135|54|7
6|65|135|54|7
6|66|135|54|7
6|67|135|54|7
6|68|135|54|7
6|69|136|54|7
6|70|136|54|7
6|71|136|54|7
6|72|136|54|7
6|73|136|54|7
6|74|137|55|7
6|75|137|55|7
6|76|137|55|7
6|77|137|55|7
6|78|137|55|7
6|79|137|55|7
6|80|137|55|7
6|81|137|55|7
6|82|138|55|7
6|83|138|55|7
6|84|138|55|7
6|85|138|55|7
6|86|138|55|7
6|87|138|55|7
6|88|138|55|7
6|89|138|55|7
6|90|138|55|7
6|91|139|55|7
6|92|139|55|7
6|93|139|55|7
6|94|139|55|7
6|95|140|56|7
6|96|140|56|7
6|97|140|56|7
6|98|140|56|7
6|99|140|56|7
6|100|140|56|7
6|101|140|56|7
6|102|141|56|7
6|103|141|56|7
6|104|141|56|7
6|105|141|56|7
6|106|141|56|7
6|107|141|56|7
6|108|141|56|7
6|109|141|56|7
6|110|141|56|7
6|111|142|57|8
6|112|142|57|8
6|113|142|57|8
6|114|142|57|8
6|115|142|57|8
6|116|142|57|8
6|117|142|57|8
6|118|142|57|8
6|119|143|57|8
6|120|143|57|8
6|121|143|57|8
6|122|143|57|8
6|123|143|57|8
6|124|143|57|8
6|125|144|57|8
6|126|144|57|8
6|127|144|58|8
6|128|144|58|8
6|129|144|58|8
6|130|144|58|8
6|131|144|58|8
6|132|145|58|8
6|133|145|58|8
6|134|145|58|8
6|135|145|58|8
6|136|145|58|8
6|137|145|58|8
6|138|146|58|8
6|139|146|58|8
6|140|146|58|8
6|141|146|59|8
6|142|146|59|8
6|143|147|59|8
6|144|147|59|8
6|145|147|59|8
6|146|147|59|8
6|147|148|59|8
6|148|148|59|8
6|149|148|59|8
6|150|148|59|8
6|151|148|60|8
6|152|149|60|8
6|153|149|60|8
6|154|149|60|8
6|155|149|60|8
6|156|149|60|8
6|157|149|60|8
6|158|150|60|8
6|159|150|60|8
6|160|150|60|8
6|161|150|60|8
6|162|150|60|8
6|163|150|60|8
6|164|150|60|8
6|165|150|60|8
7|1|151|61|8
7|2|151|61|8
7|3|151|61|8
7|4|151|61|8
7|5|151|61|8
7|6|151|61|8
7|7|151|61|8
7|8|151|61|8
7|9|151|61|8
7|10|151|61|8
7|11|151|61|8
7|12|152|61|8
7|13|152|61|8
7|14|152|61|8
7|15|152|61|8
7|16|152|61|8
7|17|152|61|8
7|18|152|61|8
7|19|152|61|8
7|20|152|61|8
7|21|152|61|8
7|22|152|61|8
7|23|153|61|8
7|24|153|61|8
7|25|153|61|8
7|26|153|61|8
7|27|153|61|8
7|28|153|61|8
7|29|153|61|8
7|30|153|61|8
7|31|154|62|8
7|32|154|62|8
7|33|154|62|8
7|34|154|62|8
7|35|154|62|8
7|36|154|62|8
7|37|154|62|8
7|38|155|62|8
7|39|155|62|8
7|40|155|62|8
7|41|155|62|8
7|42|155|62|8
7|43|155|62|8
7|44|156|62|8
7|45|156|62|8
7|46|156|62|8
7|47|156|63|8
7|48|156|63|8
7|49|156|63|8
7|50|156|63|8
7|51|156|63|8
7|52|157|63|8
7|53|157|63|8
7|54|157|63|8
7|55|157|63|8
7|56|157|63|8
7|57|157|63|8
7|58|158|63|8
7|59|158|63|8
7|60|158|63|8
7|61|158|63|8
7|62|158|63|8
7|63|158|63|8
7|64|158|63|8
7|65|158|64|8
7|66|158|64|8
7|67|158|64|8
7|68|159|64|8
7|69|159|64|8
7|70|159|64|8
7|71|159|64|8
7|72|159|64|8
7|73|159|64|8
7|74|160|64|8
7|75|160|64|8
7|76|160|64|8
7|77|160|64|8
7|78|160|64|8
7|79|160|64|8
7|80|160|64|8
7|81|160|64|8
7|82|161|64|8
7|83|161|64|8
7|84|161|64|8
7|85|161|64|8
7|86|161|64|8
7|87|161|64|8
7|88|162|65|9
7|89|162|65|9
7|90|162|65|9
7|91|162|65|9
7|92|162|65|9
7|93|162|65|9
7|94|162|65|9
7|95|162|65|9
7|96|163|65|9
7|97|163|65|9
7|98|163|65|9
7|99|163|65|9
7|100|163|65|9
7|101|163|65|9
7|102|163|65|9
7|103|163|65|9
7|104|163|65|9
7|105|164|65|9
7|106|164|65|9
7|107|164|65|9
7|108|164|65|9
7|109|164|65|9
7|110|164|65|9
7|111|164|65|9
7|112|164|65|9
7|113|164|65|9
7|114|164|65|9
7|115|164|65|9
7|116|164|65|9
7|117|164|66|9
7|118|164|66|9
7|119|164|66|9
7|120|164|66|9
7|121|165|66|9
7|122|165|66|9
7|123|165|66|9
7|124|165|66|9
7|125|165|66|9
7|126|165|66|9
7|127|165|66|9
7|128|165|66|9
7|129|165|66|9
7|130|165|66|9
7|131|166|66|9
7|132|166|66|9
7|133|166|66|9
7|134|166|66|9
7|135|166|66|9
7|136|166|66|9
7|137|166|66|9
7|138|167|66|9
7|139|167|66|9
7|140|167|66|9
7|141|167|66|9
7|142|167|67|9
7|143|167|67|9
7|144|168|67|9
7|145|168|67|9
7|146|168|67|9
7|147|168|67|9
7|148|168|67|9
7|149|168|67|9
7|150|169|67|9
7|151|169|67|9
7|152|169|67|9
7|153|169|67|9
7|154|169|67|9
7|155|169|67|9
7|156|170|68|9
7|157|170|68|9
7|158|170|68|9
7|159|170|68|9
7|160|171|68|9
7|161|171|68|9
7|162|171|68|9
7|163|171|68|9
7|164|172|68|9
7|165|172|68|9
7|166|172|68|9
7|167|172|68|9
7|168|172|68|9
7|169|172|68|9
7|170|172|68|9
7|171|173|69|9
7|172|173|69|9
7|173|173|69|9
7|174|173|69|9
7|175|173|69|9
7|176|173|69|9
7|177|173|69|9
7|178|173|69|9
7|179|174|69|9
7|180|174|69|9
7|181|174|69|9
7|182|174|69|9
7|183|174|69|9
7|184|174|69|9
7|185|174|69|9
7|186|174|69|9
7|187|174|69|9
7|188|175|69|9
7|189|175|70|9
7|190|175|70|9
7|191|175|70|9
7|192|175|70|9
7|193|175|70|9
7|194|175|70|9
7|195|175|70|9
7|196|176|70|9
7|197|176|70|9
7|198|176|70|9
7|199|176|70|9
7|200|176|70|9
7|201|176|70|9
7|202|176|70|9
7|203|176|70|9
7|204|176|70|9
7|205|176|70|9
7|206|176|70|9
8|1|177|71|9
8|2|177|71|9
8|3|177|71|9
8|4|177|71|9
8|5|177|71|9
8|6|177|71|9
8|7|177|71|9
8|8|177|71|9
8|9|178|71|9
8|10|178|71|9
8|11|178|71|9
8|12|178|71|9
8|13|178|71|9
8|14|178|71|9
8|15|178|71|9
8|16|178|71|9
8|17|179|71|9
8|18|179|71|9
8|19|179|71|9
8|20|179|71|9
8|21|179|71|9
8|22|179|72|9
8|23|179|72|9
8|24|179|72|9
8|25|179|72|9
8|26|180|72|9
8|27|180|72|9
8|28|180|72|9
8|29|180|72|9
8|30|180|72|9
8|31|180|72|9
8|32|180|72|9
8|33|180|72|9
8|34|181|72|9
8|35|181|72|9
8|36|181|72|9
8|37|181|72|9
8|38|181|72|9
8|39|181|72|9
8|40|181|72|9
8|41|182|73|10
8|42|182|73|10
8|43|182|73|10
8|44|182|73|10
8|45|182|73|10
8|46|183|73|10
8|47|183|73|10
8|48|183|73|10
8|49|183|73|10
8|50|183|73|10
8|51|183|73|10
8|52|183|73|10
8|53|184|73|10
8|54|184|73|10
8|55|184|73|10
8|56|184|73|10
8|57|184|73|10
8|58|184|73|10
8|59|184|73|10
8|60|184|73|10
8|61|184|74|10
8|62|185|74|10
8|63|185|74|10
8|64|185|74|10
8|65|185|74|10
8|66|185|74|10
8|67|185|74|10
8|68|185|74|10
8|69|185|74|10
8|70|186|74|10
8|71|186|74|10
8|72|186|74|10
8|73|186|74|10
8|74|186|74|10
8|75|186|74|10
9|1|187|75|10
9|2|187|75|10
9|3|187|75|10
9|4|187|75|10
9|5|187|75|10
9|6|187|75|10
9|7|188|75|10
9|8|188|75|10
9|9|188|75|10
9|10|188|75|10
9|11|188|75|10
9|12|188|75|10
9|13|188|75|10
9|14|189|75|10
9|15|189|75|10
9|16|189|75|10
9|17|189|75|10
9|18|189|75|10
9|19|189|76|10
9|20|189|76|10
9|21|190|76|10
9|22|190|76|10
9|23|190|76|10
9|24|190|76|10
9|25|190|76|10
9|26|190|76|10
9|27|191|76|10
9|28|191|76|10
9|29|191|76|10
9|30|191|76|10
9|31|191|76|10
9|32|192|76|10
9|33|192|76|10
9|34|192|77|10
9|35|192|77|10
9|36|192|77|10
9|37|193|77|10
9|38|193|77|10
9|39|193|77|10
9|40|193|77|10
9|41|194|77|10
9|42|194|77|10
9|43|194|77|10
9|44|194|77|10
9|45|194|77|10
9|46|194|78|10
9|47|194|78|10
9|48|195|78|10
9|49|195|78|10
9|50|195|78|10
9|51|195|78|10
9|52|195|78|10
9|53|195|78|10
9|54|195|78|10
9|55|196|78|10
9|56|196|78|10
9|57|196|78|10
9|58|196|78|10
9|59|196|78|10
9|60|196|79|10
9|61|196|79|10
9|62|197|79|10
9|63|197|79|10
9|64|197|79|10
9|65|197|79|10
9|66|197|79|10
9|67|197|79|10
9|68|197|79|10
9|69|198|79|10
9|70|198|79|10
9|71|198|79|10
9|72|198|79|10
9|73|199|79|10
9|74|199|79|10
9|75|199|80|10
9|76|199|80|10
9|77|199|80|10
9|78|199|80|10
9|79|199|80|10
9|80|200|80|10
9|81|200|80|10
9|82|200|80|10
9|83|200|80|10
9|84|200|80|10
9|85|200|80|10
9|86|200|80|10
9|87|201|80|10
9|88|201|80|10
9|89|201|80|10
9|90|201|80|10
9|91|201|80|10
9|92|201|80|10
9|93|201|81|11
9|94|202|81|11
9|95|202|81|11
9|96|202|81|11
9|97|202|81|11
9|98|202|81|11
9|99|202|81|11
9|100|203|81|11
9|101|203|81|11
9|102|203|81|11
9|103|203|81|11
9|104|203|81|11
9|105|203|81|11
9|106|203|81|11
9|107|204|81|11
9|108|204|81|11
9|109|204|81|11
9|110|204|81|11
9|111|204|82|11
9|112|205|82|11
9|113|205|82|11
9|114|205|82|11
9|115|205|82|11
9|116|205|82|11
9|117|205|82|11
9|118|206|82|11
9|119|206|82|11
9|120|206|82|11
9|121|206|82|11
9|122|206|83|11
9|123|207|83|11
9|124|207|83|11
9|125|207|83|11
9|126|207|83|11
9|127|207|83|11
9|128|207|83|11
9|129|207|83|11
10|1|208|83|11
10|2|208|83|11
10|3|208|83|11
10|4|208|83|11
10|5|208|83|11
10|6|208|83|11
10|7|209|83|11
10|8|209|83|11
10|9|209|83|11
10|10|209|83|11
10|11|209|84|11
10|12|209|84|11
10|13|209|84|11
10|14|209|84|11
10|15|210|84|11
10|16|210|84|11
10|17|210|84|11
10|18|210|84|11
10|19|210|84|11
10|20|210|84|11
10|21|211|84|11
10|22|211|84|11
10|23|211|84|11
10|24|211|84|11
10|25|211|84|11
10|26|212|85|11
10|27|212|85|11
10|28|212|85|11
10|29|212|85|11
10|30|212|85|11
10|31|212|85|11
10|32|212|85|11
10|33|212|85|11
10|34|213|85|11
10|35|213|85|11
10|36|213|85|11
10|37|213|85|11
10|38|213|85|11
10|39|213|85|11
10|40|213|85|11
10|41|213|85|11
10|42|213|85|11
10|43|214|85|11
10|44|214|85|11
10|45|214|85|11
10|46|214|85|11
10|47|214|85|11
10|48|214|85|11
10|49|214|85|11
10|50|214|85|11
10|51|214|85|11
10|52|214|85|11
10|53|214|86|11
10|54|215|86|11
10|55|215|86|11
10|56|215|86|11
10|57|215|86|11
10|58|215|86|11
10|59|215|86|11
10|60|215|86|11
10|61|215|86|11
10|62|216|86|11
10|63|216|86|11
10|64|216|86|11
10|65|216|86|11
10|66|216|86|11
10|67|216|86|11
10|68|216|86|11
10|69|216|86|11
10|70|216|86|11
10|71|217|87|11
10|72|217|87|11
10|73|217|87|11
10|74|217|87|11
10|75|217|87|11
10|76|217|87|11
10|77|217|87|11
10|78|217|87|11
10|79|218|87|11
10|80|218|87|11
10|81|218|87|11
10|82|218|87|11
10|83|218|87|11
10|84|218|87|11
10|85|218|87|11
10|86|218|87|11
10|87|218|87|11
10|88|218|87|11
10|89|219|87|11
10|90|219|88|11
10|91|219|88|11
10|92|219|88|11
10|93|219|88|11
10|94|219|88|11
10|95|219|88|11
10|96|219|88|11
10|97|219|88|11
10|98|220|88|11
10|99|220|88|11
10|100|220|88|11
10|101|220|88|11
10|102|220|88|11
10|103|220|88|11
10|104|220|88|11
10|105|220|88|11
10|106|220|88|11
10|107|221|88|11
10|108|221|88|11
10|109|221|88|11
11|1|221|88|11
11|2|221|88|11
11|3|221|88|11
11|4|221|88|11
11|5|221|88|11
11|6|222|89|12
11|7|222|89|12
11|8|222|89|12
11|9|222|89|12
11|10|222|89|12
11|11|222|89|12
11|12|222|89|12
11|13|223|89|12
11|14|223|89|12
11|15|223|89|12
11|16|223|89|12
11|17|223|89|12
11|18|223|89|12
11|19|223|89|12
11|20|224|89|12
11|21|224|89|12
11|22|224|89|12
11|23|224|89|12
11|24|224|90|12
11|25|224|90|12
11|26|224|90|12
11|27|224|90|12
11|28|224|90|12
11|29|225|90|12
11|30|225|90|12
11|31|225|90|12
11|32|225|90|12
11|33|225|90|12
11|34|225|90|12
11|35|225|90|12
11|36|225|90|12
11|37|225|90|12
11|38|226|90|12
11|39|226|90|12
11|40|226|90|12
11|41|226|91|12
11|42|226|91|12
11|43|226|91|12
11|44|226|91|12
11|45|226|91|12
11|46|227|91|12
11|47|227|91|12
11|48|227|91|12
11|49|227|91|12
11|50|227|91|12
11|51|227|91|12
11|52|227|91|12
11|53|227|91|12
11|54|228|91|12
11|55|228|91|12
11|56|228|91|12
11|57|228|91|12
11|58|228|91|12
11|59|228|91|12
11|60|228|91|12
11|61|228|92|12
11|62|228|92|12
11|63|229|92|12
11|64|229|92|12
11|65|229|92|12
11|66|229|92|12
11|67|229|92|12
11|68|229|92|12
11|69|229|92|12
11|70|229|92|12
11|71|229|92|12
11|72|230|92|12
11|73|230|92|12
11|74|230|92|12
11|75|230|92|12
11|76|230|92|12
11|77|230|92|12
11|78|230|92|12
11|79|230|92|12
11|80|230|92|12
11|81|230|92|12
11|82|231|92|12
11|83|231|92|12
11|84|231|93|12
11|85|231|93|12
11|86|231|93|12
11|87|231|93|12
11|88|231|93|12
11|89|232|93|12
11|90|232|93|12
11|91|232|93|12
11|92|232|93|12
11|93|232|93|12
11|94|232|93|12
11|95|232|93|12
11|96|232|93|12
11|97|232|93|12
11|98|233|93|12
11|99|233|93|12
11|100|233|93|12
11|101|233|93|12
11|102|233|93|12
11|103|233|93|12
11|104|233|93|12
11|105|233|93|12
11|106|233|93|12
11|107|233|93|12
11|108|233|94|12
11|109|234|94|12
11|110|234|94|12
11|111|234|94|12
11|112|234|94|12
11|113|234|94|12
11|114|234|94|12
11|115|234|94|12
11|116|234|94|12
11|117|234|94|12
11|118|235|94|12
11|119|235|94|12
11|120|235|94|12
11|121|235|94|12
11|122|235|94|12
11|123|235|94|12
12|1|235|94|12
12|2|235|94|12
12|3|235|94|12
12|4|235|94|12
12|5|236|94|12
12|6|236|94|12
12|7|236|95|12
12|8|236|95|12
12|9|236|95|12
12|10|236|95|12
12|11|236|95|12
12|12|236|95|12
12|13|236|95|12
12|14|236|95|12
12|15|237|95|12
12|16|237|95|12
12|17|237|95|12
12|18|237|95|12
12|19|237|95|12
12|20|237|95|12
12|21|237|95|12
12|22|237|95|12
12|23|238|95|12
12|24|238|95|12
12|25|238|95|12
12|26|238|95|12
12|27|238|95|12
12|28|238|95|12
12|29|238|95|12
12|30|238|96|12
12|31|239|96|12
12|32|239|96|12
12|33|239|96|12
12|34|239|96|12
12|35|239|96|12
12|36|239|96|12
12|37|239|96|12
12|38|240|96|12
12|39|240|96|12
12|40|240|96|12
12|41|240|96|12
12|42|240|96|12
12|43|240|96|12
12|44|241|96|12
12|45|241|96|12
12|46|241|96|12
12|47|241|96|12
12|48|241|96|12
12|49|241|96|12
12|50|241|96|12
12|51|241|96|12
12|52|241|96|12
12|53|242|97|13
12|54|242|97|13
12|55|242|97|13
12|56|242|97|13
12|57|242|97|13
12|58|242|97|13
12|59|242|97|13
12|60|242|97|13
12|61|242|97|13
12|62|242|97|13
12|63|242|97|13
12|64|243|97|13
12|65|243|97|13
12|66|243|97|13
12|67|243|97|13
12|68|243|97|13
12|69|243|97|13
12|70|244|97|13
12|71|244|97|13
12|72|244|97|13
12|73|244|97|13
12|74|244|97|13
12|75|244|97|13
12|76|244|97|13
12|77|244|98|13
12|78|244|98|13
12|79|245|98|13
12|80|245|98|13
12|81|245|98|13
12|82|245|98|13
12|83|245|98|13
12|84|245|98|13
12|85|245|98|13
12|86|245|98|13
12|87|246|98|13
12|88|246|98|13
12|89|246|98|13
12|90|246|98|13
12|91|246|98|13
12|92|246|98|13
12|93|246|98|13
12|94|246|98|13
12|95|246|98|13
12|96|247|98|13
12|97|247|98|13
12|98|247|98|13
12|99|247|98|13
12|100|247|98|13
12|101|247|99|13
12|102|247|99|13
12|103|247|99|13
12|104|248|99|13
12|105|248|99|13
12|106|248|99|13
12|107|248|99|13
12|108|248|99|13
12|109|248|99|13
12|110|248|99|13
12|111|248|99|13
13|1|249|99|13
13|2|249|99|13
13|3|249|99|13
13|4|249|99|13
13|5|249|100|13
13|6|250|100|13
13|7|250|100|13
13|8|250|100|13
13|9|250|100|13
13|10|250|100|13
13|11|250|100|13
13|12|250|100|13
13|13|250|100|13
13|14|251|100|13
13|15|251|100|13
13|16|251|100|13
13|17|251|100|13
13|18|251|100|13
13|19|252|101|13
13|20|252|101|13
13|21|252|101|13
13|22|252|101|13
13|23|252|101|13
13|24|252|101|13
13|25|252|101|13
13|26|252|101|13
13|27|252|101|13
13|28|252|101|13
13|29|253|101|13
13|30|253|101|13
13|31|253|101|13
13|32|253|101|13
13|33|253|101|13
13|34|253|101|13
13|35|254|102|13
13|36|254|102|13
13|37|254|102|13
13|38|254|102|13
13|39|254|102|13
13|40|254|102|13
13|41|254|102|13
13|42|254|102|13
13|43|255|102|13
14|1|255|102|13
14|2|255|102|13
14|3|255|102|13
14|4|255|102|13
14|5|255|102|13
14|6|256|102|13
14|7|256|102|13
14|8|256|102|13
14|9|256|102|13
14|10|256|103|13
14|11|257|103|13
14|12|257|103|13
14|13|257|103|13
14|14|257|103|13
14|15|257|103|13
14|16|257|103|13
14|17|257|103|13
14|18|257|103|13
14|19|258|103|13
14|20|258|103|13
14|21|258|103|13
14|22|258|103|13
14|23|258|103|13
14|24|258|103|13
14|25|259|103|13
14|26|259|103|13
14|27|259|103|13
14|28|259|104|13
14|29|259|104|13
14|30|259|104|13
14|31|259|104|13
14|32|259|104|13
14|33|259|104|13
14|34|260|104|13
14|35|260|104|13
14|36|260|104|13
14|37|260|104|13
14|38|260|104|13
14|39|260|104|13
14|40|260|104|13
14|41|260|104|13
14|42|260|104|13
14|43|261|104|13
14|44|261|104|13
14|45|261|104|13
14|46|261|104|13
14|47|261|104|13
14|48|261|104|13
14|49|261|104|13
14|50|261|104|13
14|51|261|104|13
14|52|261|104|13
15|1|262|105|14
15|2|262|105|14
15|3|262|105|14
15|4|262|105|14
15|5|262|105|14
15|6|262|105|14
15|7|262|105|14
15|8|262|105|14
15|9|262|105|14
15|10|262|105|14
15|11|262|105|14
15|12|262|105|14
15|13|262|105|14
15|14|262|105|14
15|15|262|105|14
15|16|263|105|14
15|17|263|105|14
15|18|263|105|14
15|19|263|105|14
15|20|263|105|14
15|21|263|105|14
15|22|263|105|14
15|23|263|105|14
15|24|263|105|14
15|25|263|105|14
15|26|263|105|14
15|27|263|105|14
15|28|263|105|14
15|29|263|105|14
15|30|263|105|14
15|31|263|105|14
15|32|264|105|14
15|33|264|105|14
15|34|264|105|14
15|35|264|105|14
15|36|264|105|14
15|37|264|105|14
15|38|264|105|14
15|39|264|105|14
15|40|264|105|14
15|41|264|105|14
15|42|264|105|14
15|43|264|105|14
15|44|264|105|14
15|45|264|105|14
15|46|264|105|14
15|47|264|105|14
15|48|264|105|14
15|49|264|105|14
15|50|264|106|14
15|51|264|106|14
15|52|265|106|14
15|53|265|106|14
15|54|265|106|14
15|55|265|106|14
15|56|265|106|14
15|57|265|106|14
15|58|265|106|14
15|59|265|106|14
15|60|265|106|14
15|61|265|106|14
15|62|265|106|14
15|63|265|106|14
15|64|265|106|14
15|65|265|106|14
15|66|265|106|14
15|67|265|106|14
15|68|265|106|14
15|69|265|106|14
15|70|265|106|14
15|71|266|106|14
15|72|266|106|14
15|73|266|106|14
15|74|266|106|14
15|75|266|106|14
15|76|266|106|14
15|77|266|106|14
15|78|266|106|14
15|79|266|106|14
15|80|266|106|14
15|81|266|106|14
15|82|266|106|14
15|83|266|106|14
15|84|266|106|14
15|85|266|106|14
15|86|266|106|14
15|87|266|106|14
15|88|266|106|14
15|89|266|106|14
15|90|266|106|14
15|91|267|106|14
15|92|267|106|14
15|93|267|106|14
15|94|267|106|14
15|95|267|106|14
15|96|267|106|14
15|97|267|106|14
15|98|267|106|14
15|99|267|106|14
16|1|267|107|14
16|2|267|107|14
16|3|267|107|14
16|4|267|107|14
16|5|267|107|14
16|6|267|107|14
16|7|268|107|14
16|8|268|107|14
16|9|268|107|14
16|10|268|107|14
16|11|268|107|14
16|12|268|107|14
16|13|268|107|14
16|14|268|107|14
16|15|269|107|14
16|16|269|107|14
16|17|269|107|14
16|18|269|107|14
16|19|269|107|14
16|20|269|107|14
16|21|269|107|14
16|22|269|107|14
16|23|269|107|14
16|24|269|107|14
16|25|269|107|14
16|26|269|107|14
16|27|270|107|14
16|28|270|107|14
16|29|270|107|14
16|30|270|108|14
16|31|270|108|14
16|32|270|108|14
16|33|270|108|14
16|34|270|108|14
16|35|271|108|14
16|36|271|108|14
16|37|271|108|14
16|38|271|108|14
16|39|271|108|14
16|40|271|108|14
16|41|271|108|14
16|42|271|108|14
16|43|272|108|14
16|44|272|108|14
16|45|272|108|14
16|46|272|108|14
16|47|272|108|14
16|48|272|108|14
16|49|272|108|14
16|50|272|108|14
16|51|272|109|14
16|52|272|109|14
16|53|272|109|14
16|54|272|109|14
16|55|273|109|14
16|56|273|109|14
16|57|273|109|14
16|58|273|109|14
16|59|273|109|14
16|60|273|109|14
16|61|273|109|14
16|62|273|109|14
16|63|273|109|14
16|64|273|109|14
16|65|274|109|14
16|66|274|109|14
16|67|274|109|14
16|68|274|109|14
16|69|274|109|14
16|70|274|109|14
16|71|274|109|14
16|72|274|109|14
16|73|275|109|14
16|74|275|109|14
16|75|275|110|14
16|76|275|110|14
16|77|275|110|14
16|78|275|110|14
16|79|275|110|14
16|80|276|110|14
16|81|276|110|14
16|82|276|110|14
16|83|276|110|14
16|84|276|110|14
16|85|276|110|14
16|86|276|110|14
16|87|276|110|14
16|88|277|110|14
16|89|277|110|14
16|90|277|111|14
16|91|277|111|14
16|92|277|111|14
16|93|277|111|14
16|94|278|111|14
16|95|278|111|14
16|96|278|111|14
16|97|278|111|14
16|98|278|111|14
16|99|278|111|14
16|100|278|111|14
16|101|278|111|14
16|102|278|111|14
16|103|279|111|14
16|104|279|111|14
16|105|279|111|14
16|106|279|111|14
16|107|279|111|14
16|108|279|111|14
16|109|279|111|14
16|110|279|111|14
16|111|280|112|14
16|112|280|112|14
16|113|280|112|14
16|114|280|112|14
16|115|280|112|14
16|116|280|112|14
16|117|280|112|14
16|118|280|112|14
16|119|281|112|14
16|120|281|112|14
16|121|281|112|14
16|122|281|112|14
16|123|281|112|14
16|124|281|112|14
16|125|281|112|14
16|126|281|112|14
16|127|281|112|14
16|128|281|112|14
17|1|282|113|15
17|2|282|113|15
17|3|282|113|15
17|4|282|113|15
17|5|282|113|15
17|6|282|113|15
17|7|282|113|15
17|8|283|113|15
17|9|283|113|15
17|10|283|113|15
17|11|283|113|15
17|12|283|113|15
17|13|283|113|15
17|14|283|113|15
17|15|283|113|15
17|16|283|113|15
17|17|283|113|15
17|18|284|113|15
17|19|284|113|15
17|20|284|113|15
17|21|284|113|15
17|22|284|113|15
17|23|284|114|15
17|24|284|114|15
17|25|284|114|15
17|26|284|114|15
17|27|284|114|15
17|28|285|114|15
17|29|285|114|15
17|30|285|114|15
17|31|285|114|15
17|32|285|114|15
17|33|285|114|15
17|34|285|114|15
17|35|285|114|15
17|36|285|114|15
17|37|285|114|15
17|38|285|114|15
17|39|286|114|15
17|40|286|114|15
17|41|286|114|15
17|42|286|114|15
17|43|286|114|15
17|44|286|114|15
17|45|286|114|15
17|46|286|114|15
17|47|286|114|15
17|48|286|114|15
17|49|286|114|15
17|50|287|115|15
17|51|287|115|15
17|52|287|115|15
17|53|287|115|15
17|54|287|115|15
17|55|287|115|15
17|56|287|115|15
17|57|287|115|15
17|58|287|115|15
17|59|288|115|15
17|60|288|115|15
17|61|288|115|15
17|62|288|115|15
17|63|288|115|15
17|64|288|115|15
17|65|288|115|15
17|66|288|115|15
17|67|289|115|15
17|68|289|115|15
17|69|289|115|15
17|70|289|116|15
17|71|289|116|15
17|72|289|116|15
17|73|289|116|15
17|74|289|116|15
17|75|289|116|15
17|76|290|116|15
17|77|290|116|15
17|78|290|116|15
17|79|290|116|15
17|80|290|116|15
17|81|290|116|15
17|82|290|116|15
17|83|290|116|15
17|84|290|116|15
17|85|290|116|15
17|86|290|116|15
17|87|291|116|15
17|88|291|116|15
17|89|291|116|15
17|90|291|116|15
17|91|291|116|15
17|92|291|116|15
17|93|291|116|15
17|94|291|116|15
17|95|291|116|15
17|96|291|116|15
17|97|292|116|15
17|98|292|116|15
17|99|292|117|15
17|100|292|117|15
17|101|292|117|15
17|102|292|117|15
17|103|292|117|15
17|104|292|117|15
17|105|293|117|15
17|106|293|117|15
17|107|293|117|15
17|108|293|117|15
17|109|293|117|15
17|110|293|117|15
17|111|293|117|15
18|1|293|117|15
18|2|293|117|15
18|3|293|117|15
18|4|293|117|15
18|5|294|117|15
18|6|294|117|15
18|7|294|117|15
18|8|294|117|15
18|9|294|117|15
18|10|294|117|15
18|11|294|117|15
18|12|294|117|15
18|13|294|117|15
18|14|294|117|15
18|15|294|117|15
18|16|295|117|15
18|17|295|118|15
18|18|295|118|15
18|19|295|118|15
18|20|295|118|15
18|21|296|118|15
18|22|296|118|15
18|23|296|118|15
18|24|296|118|15
18|25|296|118|15
18|26|296|118|15
18|27|296|118|15
18|28|297|118|15
18|29|297|118|15
18|30|297|118|15
18|31|297|118|15
18|32|297|119|15
18|33|297|119|15
18|34|297|119|15
18|35|298|119|15
18|36|298|119|15
18|37|298|119|15
18|38|298|119|15
18|39|298|119|15
18|40|298|119|15
18|41|298|119|15
18|42|298|119|15
18|43|298|119|15
18|44|298|119|15
18|45|298|119|15
18|46|299|119|15
18|47|299|119|15
18|48|299|119|15
18|49|299|119|15
18|50|299|119|15
18|51|299|120|15
18|52|299|120|15
18|53|299|120|15
18|54|300|120|15
18|55|300|120|15
18|56|300|120|15
18|57|300|120|15
18|58|300|120|15
18|59|300|120|15
18|60|300|120|15
18|61|300|120|15
18|62|301|120|15
18|63|301|120|15
18|64|301|120|15
18|65|301|120|15
18|66|301|120|15
18|67|301|120|15
18|68|301|120|15
18|69|301|120|15
18|70|301|120|15
18|71|301|120|15
18|72|301|120|15
18|73|301|120|15
18|74|301|120|15
18|75|302|121|16
18|76|302|121|16
18|77|302|121|16
18|78|302|121|16
18|79|302|121|16
18|80|302|121|16
18|81|302|121|16
18|82|302|121|16
18|83|302|121|16
18|84|303|121|16
18|85|303|121|16
18|86|303|121|16
18|87|303|121|16
18|88|303|121|16
18|89|303|121|16
18|90|303|121|16
18|91|303|121|16
18|92|303|121|16
18|93|303|121|16
18|94|303|121|16
18|95|303|121|16
18|96|303|121|16
18|97|303|121|16
18|98|304|121|16
18|99|304|122|16
18|100|304|122|16
18|101|304|122|16
18|102|304|122|16
18|103|304|122|16
18|104|304|122|16
18|105|304|122|16
18|106|304|122|16
18|107|304|122|16
18|108|304|122|16
18|109|304|122|16
18|110|304|122|16
19|1|305|122|16
19|2|305|122|16
19|3|305|122|16
19|4|305|122|16
19|5|305|122|16
19|6|305|122|16
19|7|305|122|16
19|8|305|122|16
19|9|305|122|16
19|10|305|122|16
19|11|305|122|16
19|12|306|122|16
19|13|306|122|16
19|14|306|122|16
19|15|306|122|16
19|16|306|122|16
19|17|306|122|16
19|18|306|122|16
19|19|306|122|16
19|20|306|122|16
19|21|306|122|16
19|22|306|123|16
19|23|306|123|16
19|24|306|123|16
19|25|306|123|16
19|26|307|123|16
19|27|307|123|16
19|28|307|123|16
19|29|307|123|16
19|30|307|123|16
19|31|307|123|16
19|32|307|123|16
19|33|307|123|16
19|34|307|123|16
19|35|307|123|16
19|36|307|123|16
19|37|307|123|16
19|38|307|123|16
19|39|308|123|16
19|40|308|123|16
19|41|308|123|16
19|42|308|123|16
19|43|308|123|16
19|44|308|123|16
19|45|308|123|16
19|46|308|123|16
19|47|308|123|16
19|48|308|123|16
19|49|308|123|16
19|50|308|123|16
19|51|308|123|16
19|52|309|123|16
19|53|309|123|16
19|54|309|123|16
19|55|309|123|16
19|56|309|123|16
19|57|309|123|16
19|58|309|123|16
19|59|309|124|16
19|60|309|124|16
19|61|309|124|16
19|62|309|124|16
19|63|309|124|16
19|64|309|124|16
19|65|310|124|16
19|66|310|124|16
19|67|310|124|16
19|68|310|124|16
19|69|310|124|16
19|70|310|124|16
19|71|310|124|16
19|72|310|124|16
19|73|310|124|16
19|74|310|124|16
19|75|310|124|16
19|76|310|124|16
19|77|311|124|16
19|78|311|124|16
19|79|311|124|16
19|80|311|124|16
19|81|311|124|16
19|82|311|124|16
19|83|311|124|16
19|84|311|124|16
19|85|311|124|16
19|86|311|124|16
19|87|311|124|16
19|88|311|124|16
19|89|311|124|16
19|90|311|124|16
19|91|311|124|16
19|92|311|124|16
19|93|311|124|16
19|94|311|124|16
19|95|311|124|16
19|96|312|124|16
19|97|312|124|16
19|98|312|124|16
20|1|312|125|16
20|2|312|125|16
20|3|312|125|16
20|4|312|125|16
20|5|312|125|16
20|6|312|125|16
20|7|312|125|16
20|8|312|125|16
20|9|312|125|16
20|10|312|125|16
20|11|312|125|16
20|12|312|125|16
20|13|313|125|16
20|14|313|125|16
20|15|313|125|16
20|16|313|125|16
20|17|313|125|16
20|18|313|125|16
20|19|313|125|16
20|20|313|125|16
20|21|313|125|16
20|22|313|125|16
20|23|313|125|16
20|24|313|125|16
20|25|313|125|16
20|26|313|125|16
20|27|313|125|16
20|28|313|125|16
20|29|313|125|16
20|30|313|125|16
20|31|313|125|16
20|32|313|125|16
20|33|313|125|16
20|34|313|125|16
20|35|313|125|16
20|36|313|125|16
20|37|313|125|16
20|38|314|125|16
20|39|314|125|16
20|40|314|125|16
20|41|314|125|16
20|42|314|125|16
20|43|314|125|16
20|44|314|125|16
20|45|314|125|16
20|46|314|125|16
20|47|314|125|16
20|48|314|125|16
20|49|314|125|16
20|50|314|125|16
20|51|314|125|16
20|52|315|125|16
20|53|315|125|16
20|54|315|125|16
20|55|315|126|16
20|56|315|126|16
20|57|315|126|16
20|58|315|126|16
20|59|315|126|16
20|60|315|126|16
20|61|315|126|16
20|62|315|126|16
20|63|315|126|16
20|64|315|126|16
20|65|316|126|16
20|66|316|126|16
20|67|316|126|16
20|68|316|126|16
20|69|316|126|16
20|70|316|126|16
20|71|316|126|16
20|72|316|126|16
20|73|316|126|16
20|74|316|126|16
20|75|316|126|16
20|76|316|126|16
20|77|317|126|16
20|78|317|126|16
20|79|317|126|16
20|80|317|126|16
20|81|317|126|16
20|82|317|126|16
20|83|317|127|16
20|84|317|127|16
20|85|317|127|16
20|86|317|127|16
20|87|317|127|16
20|88|318|127|16
20|89|318|127|16
20|90|318|127|16
20|91|318|127|16
20|92|318|127|16
20|93|318|127|16
20|94|318|127|16
20|95|318|127|16
20|96|318|127|16
20|97|318|127|16
20|98|318|127|16
20|99|319|127|16
20|100|319|127|16
20|101|319|127|16
20|102|319|127|16
20|103|319|127|16
20|104|319|127|16
20|105|319|127|16
20|106|319|127|16
20|107|319|127|16
20|108|319|127|16
20|109|319|127|16
20|110|319|127|16
20|111|319|128|16
20|112|319|128|16
20|113|319|128|16
20|114|320|128|16
20|115|320|128|16
20|116|320|128|16
20|117|320|128|16
20|118|320|128|16
20|119|320|128|16
20|120|320|128|16
20|121|320|128|16
20|122|320|128|16
20|123|320|128|16
20|124|320|128|16
20|125|320|128|16
20|126|321|128|16
20|127|321|128|16
20|128|321|128|16
20|129|321|128|16
20|130|321|128|16
20|131|321|128|16
20|132|321|128|16
20|133|321|128|16
20|134|321|128|16
20|135|321|128|16
21|1|322|129|17
21|2|322|129|17
21|3|322|129|17
21|4|322|129|17
21|5|322|129|17
21|6|322|129|17
21|7|322|129|17
21|8|322|129|17
21|9|322|129|17
21|10|322|129|17
21|11|323|129|17
21|12|323|129|17
21|13|323|129|17
21|14|323|129|17
21|15|323|129|17
21|16|323|129|17
21|17|323|129|17
21|18|323|129|17
21|19|323|129|17
21|20|323|129|17
21|21|323|129|17
21|22|323|129|17
21|23|323|129|17
21|24|323|129|17
21|25|324|129|17
21|26|324|129|17
21|27|324|129|17
21|28|324|129|17
21|29|324|130|17
21|30|324|130|17
21|31|324|130|17
21|32|324|130|17
21|33|324|130|17
21|34|324|130|17
21|35|324|130|17
21|36|325|130|17
21|37|325|130|17
21|38|325|130|17
21|39|325|130|17
21|40|325|130|17
21|41|325|130|17
21|42|325|130|17
21|43|325|130|17
21|44|325|130|17
21|45|326|130|17
21|46|326|130|17
21|47|326|130|17
21|48|326|130|17
21|49|326|130|17
21|50|326|130|17
21|51|326|131|17
21|52|326|131|17
21|53|326|131|17
21|54|326|131|17
21|55|326|131|17
21|56|326|131|17
21|57|326|131|17
21|58|327|131|17
21|59|327|131|17
21|60|327|131|17
21|61|327|131|17
21|62|327|131|17
21|63|327|131|17
21|64|327|131|17
21|65|327|131|17
21|66|327|131|17
21|67|327|131|17
21|68|327|131|17
21|69|327|131|17
21|70|327|131|17
21|71|327|131|17
21|72|327|131|17
21|73|328|131|17
21|74|328|131|17
21|75|328|131|17
21|76|328|131|17
21|77|328|131|17
21|78|328|131|17
21|79|328|131|17
21|80|328|131|17
21|81|328|131|17
21|82|329|131|17
21|83|329|132|17
21|84|329|132|17
21|85|329|132|17
21|86|329|132|17
21|87|329|132|17
21|88|329|132|17
21|89|329|132|17
21|90|329|132|17
21|91|330|132|17
21|92|330|132|17
21|93|330|132|17
21|94|330|132|17
21|95|330|132|17
21|96|330|132|17
21|97|330|132|17
21|98|330|132|17
21|99|330|132|17
21|100|330|132|17
21|101|330|132|17
21|102|331|132|17
21|103|331|132|17
21|104|331|132|17
21|105|331|132|17
21|106|331|132|17
21|107|331|132|17
21|108|331|132|17
21|109|331|132|17
21|110|331|132|17
21|111|331|132|17
21|112|331|132|17
22|1|332|133|17
22|2|332|133|17
22|3|332|133|17
22|4|332|133|17
22|5|332|133|17
22|6|333|133|17
22|7|333|133|17
22|8|333|133|17
22|9|333|133|17
22|10|333|133|17
22|11|333|133|17
22|12|333|133|17
22|13|333|133|17
22|14|333|133|17
22|15|333|133|17
22|16|334|133|17
22|17|334|133|17
22|18|334|133|17
22|19|334|134|17
22|20|334|134|17
22|21|334|134|17
22|22|334|134|17
22|23|334|134|17
22|24|335|134|17
22|25|335|134|17
22|26|335|134|17
22|27|335|134|17
22|28|335|134|17
22|29|335|134|17
22|30|335|134|17
22|31|336|134|17
22|32|336|134|17
22|33|336|134|17
22|34|336|134|17
22|35|336|134|17
22|36|336|134|17
22|37|336|134|17
22|38|336|135|17
22|39|337|135|17
22|40|337|135|17
22|41|337|135|17
22|42|337|135|17
22|43|337|135|17
22|44|337|135|17
22|45|337|135|17
22|46|337|135|17
22|47|338|135|17
22|48|338|135|17
22|49|338|135|17
22|50|338|135|17
22|51|338|135|17
22|52|338|135|17
22|53|338|135|17
22|54|338|135|17
22|55|338|135|17
22|56|339|135|17
22|57|339|135|17
22|58|339|135|17
22|59|339|135|17
22|60|339|136|17
22|61|339|136|17
22|62|339|136|17
22|63|339|136|17
22|64|339|136|17
22|65|340|136|17
22|66|340|136|17
22|67|340|136|17
22|68|340|136|17
22|69|340|136|17
22|70|340|136|17
22|71|340|136|17
22|72|340|136|17
22|73|341|136|17
22|74|341|136|17
22|75|341|136|17
22|76|341|136|17
22|77|341|136|17
22|78|341|136|17
23|1|342|137|18
23|2|342|137|18
23|3|342|137|18
23|4|342|137|18
23|5|342|137|18
23|6|342|137|18
23|7|342|137|18
23|8|342|137|18
23|9|342|137|18
23|10|342|137|18
23|11|342|137|18
23|12|342|137|18
23|13|342|137|18
23|14|342|137|18
23|15|342|137|18
23|16|342|137|18
23|17|342|137|18
23|18|343|137|18
23|19|343|137|18
23|20|343|137|18
23|21|343|137|18
23|22|343|137|18
23|23|343|137|18
23|24|343|137|18
23|25|343|137|18
23|26|343|137|18
23|27|343|137|18
23|28|344|137|18
23|29|344|137|18
23|30|344|137|18
23|31|344|137|18
23|32|344|137|18
23|33|344|137|18
23|34|344|137|18
23|35|344|137|18
23|36|344|138|18
23|37|344|138|18
23|38|344|138|18
23|39|344|138|18
23|40|344|138|18
23|41|344|138|18
23|42|344|138|18
23|43|345|138|18
23|44|345|138|18
23|45|345|138|18
23|46|345|138|18
23|47|345|138|18
23|48|345|138|18
23|49|345|138|18
23|50|345|138|18
23|51|345|138|18
23|52|345|138|18
23|53|345|138|18
23|54|345|138|18
23|55|345|138|18
23|56|345|138|18
23|57|345|138|18
23|58|345|138|18
23|59|345|138|18
23|60|346|138|18
23|61|346|138|18
23|62|346|138|18
23|63|346|138|18
23|64|346|138|18
23|65|346|138|18
23|66|346|138|18
23|67|346|138|18
23|68|346|138|18
23|69|346|138|18
23|70|346|138|18
23|71|346|138|18
23|72|346|138|18
23|73|346|138|18
23|74|346|138|18
23|75|347|139|18
23|76|347|139|18
23|77|347|139|18
23|78|347|139|18
23|79|347|139|18
23|80|347|139|18
23|81|347|139|18
23|82|347|139|18
23|83|347|139|18
23|84|347|139|18
23|85|347|139|18
23|86|347|139|18
23|87|347|139|18
23|88|347|139|18
23|89|347|139|18
23|90|348|139|18
23|91|348|139|18
23|92|348|139|18
23|93|348|139|18
23|94|348|139|18
23|95|348|139|18
23|96|348|139|18
23|97|348|139|18
23|98|348|139|18
23|99|348|139|18
23|100|348|139|18
23|101|348|139|18
23|102|348|139|18
23|103|348|139|18
23|104|348|139|18
23|105|349|139|18
23|106|349|139|18
23|107|349|139|18
23|108|349|139|18
23|109|349|139|18
23|110|349|139|18
23|111|349|139|18
23|112|349|139|18
23|113|349|139|18
23|114|349|139|18
23|115|349|139|18
23|116|349|139|18
23|117|349|139|18
23|118|349|139|18
24|1|350|140|18
24|2|350|140|18
24|3|350|140|18
24|4|350|140|18
24|5|350|140|18
24|6|350|140|18
24|7|350|140|18
24|8|350|140|18
24|9|350|140|18
24|10|350|140|18
24|11|351|140|18
24|12|351|140|18
24|13|351|140|18
24|14|351|140|18
24|15|351|140|18
24|16|351|140|18
24|17|351|140|18
24|18|351|140|18
24|19|351|140|18
24|20|351|140|18
24|21|352|141|18
24|22|352|141|18
24|23|352|141|18
24|24|352|141|18
24|25|352|141|18
24|26|352|141|18
24|27|352|141|18
24|28|353|141|18
24|29|353|141|18
24|30|353|141|18
24|31|353|141|18
24|32|354|141|18
24|33|354|141|18
24|34|354|141|18
24|35|354|142|18
24|36|354|142|18
24|37|355|142|18
24|38|355|142|18
24|39|355|142|18
24|40|355|142|18
24|41|355|142|18
24|42|355|142|18
24|43|355|142|18
24|44|356|142|18
24|45|356|142|18
24|46|356|142|18
24|47|356|142|18
24|48|356|142|18
24|49|356|142|18
24|50|356|142|18
24|51|356|142|18
24|52|356|142|18
24|53|356|143|18
24|54|357|143|18
24|55|357|143|18
24|56|357|143|18
24|57|357|143|18
24|58|357|143|18
24|59|358|143|18
24|60|358|143|18
24|61|358|143|18
24|62|359|143|18
24|63|359|143|18
24|64|359|143|18
25|1|359|144|18
25|2|359|144|18
25|3|360|144|18
25|4|360|144|18
25|5|360|144|18
25|6|360|144|18
25|7|360|144|18
25|8|360|144|18
25|9|360|144|18
25|10|360|144|18
25|11|360|144|18
25|12|361|144|18
25|13|361|144|18
25|14|361|144|18
25|15|361|144|18
25|16|361|144|18
25|17|361|144|18
25|18|361|144|18
25|19|361|144|18
25|20|361|144|18
25|21|362|145|19
25|22|362|145|19
25|23|362|145|19
25|24|362|145|19
25|25|362|145|19
25|26|362|145|19
25|27|362|145|19
25|28|362|145|19
25|29|362|145|19
25|30|362|145|19
25|31|362|145|19
25|32|362|145|19
25|33|363|145|19
25|34|363|145|19
25|35|363|145|19
25|36|363|145|19
25|37|363|145|19
25|38|363|145|19
25|39|363|145|19
25|40|363|145|19
25|41|363|145|19
25|42|363|145|19
25|43|363|145|19
25|44|364|145|19
25|45|364|145|19
25|46|364|145|19
25|47|364|145|19
25|48|364|145|19
25|49|364|145|19
25|50|364|145|19
25|51|364|145|19
25|52|364|145|19
25|53|364|146|19
25|54|364|146|19
25|55|364|146|19
25|56|365|146|19
25|57|365|146|19
25|58|365|146|19
25|59|365|146|19
25|60|365|146|19
25|61|365|146|19
25|62|365|146|19
25|63|365|146|19
25|64|365|146|19
25|65|365|146|19
25|66|365|146|19
25|67|365|146|19
25|68|366|146|19
25|69|366|146|19
25|70|366|146|19
25|71|366|146|19
25|72|366|146|19
25|73|366|146|19
25|74|366|146|19
25|75|366|146|19
25|76|366|146|19
25|77|366|146|19
26|1|367|147|19
26|2|367|147|19
26|3|367|147|19
26|4|367|147|19
26|5|367|147|19
26|6|367|147|19
26|7|367|147|19
26|8|367|147|19
26|9|367|147|19
26|10|367|147|19
26|11|367|147|19
26|12|367|147|19
26|13|367|147|19
26|14|367|147|19
26|15|367|147|19
26|16|367|147|19
26|17|367|147|19
26|18|367|147|19
26|19|367|147|19
26|20|368|147|19
26|21|368|147|19
26|22|368|147|19
26|23|368|147|19
26|24|368|147|19
26|25|368|147|19
26|26|368|147|19
26|27|368|147|19
26|28|368|147|19
26|29|368|147|19
26|30|368|147|19
26|31|368|147|19
26|32|368|147|19
26|33|368|147|19
26|34|368|147|19
26|35|368|147|19
26|36|368|147|19
26|37|368|147|19
26|38|368|147|19
26|39|368|147|19
26|40|369|147|19
26|41|369|147|19
26|42|369|147|19
26|43|369|147|19
26|44|369|147|19
26|45|369|147|19
26|46|369|147|19
26|47|369|147|19
26|48|369|147|19
26|49|369|147|19
26|50|369|147|19
26|51|369|147|19
26|52|369|148|19
26|53|369|148|19
26|54|369|148|19
26|55|369|148|19
26|56|369|148|19
26|57|369|148|19
26|58|369|148|19
26|59|369|148|19
26|60|369|148|19
26|61|370|148|19
26|62|370|148|19
26|63|370|148|19
26|64|370|148|19
26|65|370|148|19
26|66|370|148|19
26|67|370|148|19
26|68|370|148|19
26|69|370|148|19
26|70|370|148|19
26|71|370|148|19
26|72|370|148|19
26|73|370|148|19
26|74|370|148|19
26|75|370|148|19
26|76|370|148|19
26|77|370|148|19
26|78|370|148|19
26|79|370|148|19
26|80|370|148|19
26|81|370|148|19
26|82|370|148|19
26|83|370|148|19
26|84|371|148|19
26|85|371|148|19
26|86|371|148|19
26|87|371|148|19
26|88|371|148|19
26|89|371|148|19
26|90|371|148|19
26|91|371|148|19
26|92|371|148|19
26|93|371|148|19
26|94|371|148|19
26|95|371|148|19
26|96|371|148|19
26|97|371|148|19
26|98|371|148|19
26|99|371|148|19
26|100|371|148|19
26|101|371|148|19
26|102|371|148|19
26|103|371|148|19
26|104|371|148|19
26|105|371|148|19
26|106|371|148|19
26|107|371|148|19
26|108|371|148|19
26|109|371|148|19
26|110|371|148|19
26|111|371|149|19
26|112|372|149|19
26|113|372|149|19
26|114|372|149|19
26|115|372|149|19
26|116|372|149|19
26|117|372|149|19
26|118|372|149|19
26|119|372|149|19
26|120|372|149|19
26|121|372|149|19
26|122|372|149|19
26|123|372|149|19
26|124|372|149|19
26|125|372|149|19
26|126|372|149|19
26|127|372|149|19
26|128|372|149|19
26|129|372|149|19
26|130|372|149|19
26|131|372|149|19
26|132|372|149|19
26|133|372|149|19
26|134|372|149|19
26|135|372|149|19
26|136|372|149|19
26|137|373|149|19
26|138|373|149|19
26|139|373|149|19
26|140|373|149|19
26|141|373|149|19
26|142|373|149|19
26|143|373|149|19
26|144|373|149|19
26|145|373|149|19
26|146|373|149|19
26|147|373|149|19
26|148|373|149|19
26|149|373|149|19
26|150|373|149|19
26|151|373|149|19
26|152|373|149|19
26|153|373|149|19
26|154|373|149|19
26|155|373|149|19
26|156|373|149|19
26|157|373|149|19
26|158|373|149|19
26|159|373|149|19
26|160|374|149|19
26|161|374|149|19
26|162|374|149|19
26|163|374|149|19
26|164|374|149|19
26|165|374|149|19
26|166|374|149|19
26|167|374|149|19
26|168|374|149|19
26|169|374|149|19
26|170|374|149|19
26|171|374|149|19
26|172|374|149|19
26|173|374|149|19
26|174|374|149|19
26|175|374|149|19
26|176|374|149|19
26|177|374|149|19
26|178|374|149|19
26|179|374|149|19
26|180|374|149|19
26|181|374|150|19
26|182|374|150|19
26|183|374|150|19
26|184|375|150|19
26|185|375|150|19
26|186|375|150|19
26|187|375|150|19
26|188|375|150|19
26|189|375|150|19
26|190|375|150|19
26|191|375|150|19
26|192|375|150|19
26|193|375|150|19
26|194|375|150|19
26|195|375|150|19
26|196|375|150|19
26|197|375|150|19
26|198|375|150|19
26|199|375|150|19
26|200|375|150|19
26|201|375|150|19
26|202|375|150|19
26|203|375|150|19
26|204|375|150|19
26|205|375|150|19
26|206|375|150|19
26|207|376|150|19
26|208|376|150|19
26|209|376|150|19
26|210|376|150|19
26|211|376|150|19
26|212|376|150|19
26|213|376|150|19
26|214|376|150|19
26|215|376|150|19
26|216|376|150|19
26|217|376|150|19
26|218|376|150|19
26|219|376|150|19
26|220|376|150|19
26|221|376|150|19
26|222|376|150|19
26|223|376|150|19
26|224|376|150|19
26|225|376|150|19
26|226|376|150|19
26|227|376|150|19
27|1|377|151|19
27|2|377|151|19
27|3|377|151|19
27|4|377|151|19
27|5|377|151|19
27|6|377|151|19
27|7|377|151|19
27|8|377|151|19
27|9|377|151|19
27|10|377|151|19
27|11|377|151|19
27|12|377|151|19
27|13|377|151|19
27|14|378|151|19
27|15|378|151|19
27|16|378|151|19
27|17|378|151|19
27|18|378|151|19
27|19|378|151|19
27|20|378|151|19
27|21|378|151|19
27|22|378|151|19
27|23|379|151|19
27|24|379|151|19
27|25|379|151|19
27|26|379|151|19
27|27|379|152|19
27|28|379|152|19
27|29|379|152|19
27|30|379|152|19
27|31|379|152|19
27|32|379|152|19
27|33|379|152|19
27|34|379|152|19
27|35|379|152|19
27|36|380|152|19
27|37|380|152|19
27|38|380|152|19
27|39|380|152|19
27|40|380|152|19
27|41|380|152|19
27|42|380|152|19
27|43|380|152|19
27|44|380|152|19
27|45|381|152|19
27|46|381|152|19
27|47|381|152|19
27|48|381|152|19
27|49|381|152|19
27|50|381|152|19
27|51|381|152|19
27|52|381|152|19
27|53|381|152|19
27|54|381|152|19
27|55|381|152|19
27|56|382|153|20
27|57|382|153|20
27|58|382|153|20
27|59|382|153|20
27|60|382|153|20
27|61|382|153|20
27|62|382|153|20
27|63|382|153|20
27|64|383|153|20
27|65|383|153|20
27|66|383|153|20
27|67|383|153|20
27|68|383|153|20
27|69|383|153|20
27|70|383|153|20
27|71|383|153|20
27|72|383|153|20
27|73|383|153|20
27|74|383|153|20
27|75|383|153|20
27|76|383|153|20
27|77|384|153|20
27|78|384|153|20
27|79|384|153|20
27|80|384|153|20
27|81|384|153|20
27|82|384|154|20
27|83|384|154|20
27|84|384|154|20
27|85|384|154|20
27|86|384|154|20
27|87|384|154|20
27|88|384|154|20
27|89|385|154|20
27|90|385|154|20
27|91|385|154|20
27|92|385|154|20
27|93|385|154|20
28|1|385|154|20
28|2|385|154|20
28|3|385|154|20
28|4|385|154|20
28|5|385|154|20
28|6|386|154|20
28|7|386|154|20
28|8|386|154|20
28|9|386|154|20
28|10|386|154|20
28|11|386|154|20
28|12|386|155|20
28|13|386|155|20
28|14|387|155|20
28|15|387|155|20
28|16|387|155|20
28|17|387|155|20
28|18|387|155|20
28|19|387|155|20
28|20|387|155|20
28|21|387|155|20
28|22|388|155|20
28|23|388|155|20
28|24|388|155|20
28|25|388|155|20
28|26|388|155|20
28|27|388|155|20
28|28|388|155|20
28|29|389|156|20
28|30|389|156|20
28|31|389|156|20
28|32|389|156|20
28|33|389|156|20
28|34|389|156|20
28|35|389|156|20
28|36|390|156|20
28|37|390|156|20
28|38|390|156|20
28|39|390|156|20
28|40|390|156|20
28|41|390|156|20
28|42|390|156|20
28|43|390|156|20
28|44|391|156|20
28|45|391|156|20
28|46|391|156|20
28|47|391|156|20
28|48|391|156|20
28|49|391|156|20
28|50|391|156|20
28|51|392|157|20
28|52|392|157|20
28|53|392|157|20
28|54|392|157|20
28|55|392|157|20
28|56|392|157|20
28|57|392|157|20
28|58|392|157|20
28|59|392|157|20
28|60|393|157|20
28|61|393|157|20
28|62|393|157|20
28|63|393|157|20
28|64|393|157|20
28|65|393|157|20
28|66|393|157|20
28|67|393|157|20
28|68|393|157|20
28|69|393|157|20
28|70|393|157|20
28|71|394|157|20
28|72|394|157|20
28|73|394|157|20
28|74|394|157|20
28|75|394|157|20
28|76|394|158|20
28|77|394|158|20
28|78|395|158|20
28|79|395|158|20
28|80|395|158|20
28|81|395|158|20
28|82|395|158|20
28|83|395|158|20
28|84|395|158|20
28|85|396|158|20
28|86|396|158|20
28|87|396|158|20
28|88|396|158|20
29|1|396|159|20
29|2|396|159|20
29|3|396|159|20
29|4|396|159|20
29|5|396|159|20
29|6|396|159|20
29|7|397|159|20
29|8|397|159|20
29|9|397|159|20
29|10|397|159|20
29|11|397|159|20
29|12|397|159|20
29|13|397|159|20
29|14|397|159|20
29|15|398|159|20
29|16|398|159|20
29|17|398|159|20
29|18|398|159|20
29|19|398|159|20
29|20|398|159|20
29|21|398|159|20
29|22|398|159|20
29|23|398|159|20
29|24|399|159|20
29|25|399|159|20
29|26|399|160|20
29|27|399|160|20
29|28|399|160|20
29|29|399|160|20
29|30|399|160|20
29|31|400|160|20
29|32|400|160|20
29|33|400|160|20
29|34|400|160|20
29|35|400|160|20
29|36|400|160|20
29|37|400|160|20
29|38|400|160|20
29|39|401|160|20
29|40|401|160|20
29|41|401|160|20
29|42|401|160|20
29|43|401|160|20
29|44|401|160|20
29|45|401|160|20
29|46|402|161|21
29|47|402|161|21
29|48|402|161|21
29|49|402|161|21
29|50|402|161|21
29|51|402|161|21
29|52|402|161|21
29|53|403|161|21
29|54|403|161|21
29|55|403|161|21
29|56|403|161|21
29|57|403|161|21
29|58|403|161|21
29|59|403|161|21
29|60|403|161|21
29|61|403|161|21
29|62|403|161|21
29|63|403|161|21
29|64|404|161|21
29|65|404|161|21
29|66|404|161|21
29|67|404|161|21
29|68|404|161|21
29|69|404|161|21
30|1|404|162|21
30|2|404|162|21
30|3|404|162|21
30|4|404|162|21
30|5|404|162|21
30|6|405|162|21
30|7|405|162|21
30|8|405|162|21
30|9|405|162|21
30|10|405|162|21
30|11|405|162|21
30|12|405|162|21
30|13|405|162|21
30|14|405|162|21
30|15|405|162|21
30|16|406|162|21
30|17|406|162|21
30|18|406|162|21
30|19|406|162|21
30|20|406|162|21
30|21|406|162|21
30|22|406|162|21
30|23|406|162|21
30|24|406|162|21
30|25|407|162|21
30|26|407|162|21
30|27|407|162|21
30|28|407|162|21
30|29|407|162|21
30|30|407|162|21
30|31|407|163|21
30|32|407|163|21
30|33|408|163|21
30|34|408|163|21
30|35|408|163|21
30|36|408|163|21
30|37|408|163|21
30|38|408|163|21
30|39|408|163|21
30|40|408|163|21
30|41|408|163|21
30|42|409|163|21
30|43|409|163|21
30|44|409|163|21
30|45|409|163|21
30|46|409|163|21
30|47|409|163|21
30|48|409|163|21
30|49|409|163|21
30|50|409|163|21
30|51|410|163|21
30|52|410|163|21
30|53|410|163|21
30|54|410|164|21
30|55|410|164|21
30|56|410|164|21
30|57|410|164|21
30|58|410|164|21
30|59|410|164|21
30|60|410|164|21
31|1|411|164|21
31|2|411|164|21
31|3|411|164|21
31|4|411|164|21
31|5|411|164|21
31|6|411|164|21
31|7|411|164|21
31|8|411|164|21
31|9|411|164|21
31|10|411|164|21
31|11|411|164|21
31|12|412|164|21
31|13|412|164|21
31|14|412|164|21
31|15|412|164|21
31|16|412|164|21
31|17|412|164|21
31|18|412|164|21
31|19|412|164|21
31|20|413|164|21
31|21|413|164|21
31|22|413|165|21
31|23|413|165|21
31|24|413|165|21
31|25|413|165|21
31|26|413|165|21
31|27|413|165|21
31|28|413|165|21
31|29|414|165|21
31|30|414|165|21
31|31|414|165|21
31|32|414|165|21
31|33|414|165|21
31|34|414|165|21
32|1|415|165|21
32|2|415|165|21
32|3|415|165|21
32|4|415|165|21
32|5|415|165|21
32|6|415|165|21
32|7|415|165|21
32|8|415|165|21
32|9|415|165|21
32|10|415|165|21
32|11|415|166|21
32|12|416|166|21
32|13|416|166|21
32|14|416|166|21
32|15|416|166|21
32|16|416|166|21
32|17|416|166|21
32|18|416|166|21
32|19|416|166|21
32|20|416|166|21
32|21|417|166|21
32|22|417|166|21
32|23|417|166|21
32|24|417|166|21
32|25|417|166|21
32|26|417|166|21
32|27|417|166|21
32|28|417|166|21
32|29|417|166|21
32|30|417|166|21
33|1|418|167|21
33|2|418|167|21
33|3|418|167|21
33|4|418|167|21
33|5|418|167|21
33|6|418|167|21
33|7|419|167|21
33|8|419|167|21
33|9|419|167|21
33|10|419|167|21
33|11|419|167|21
33|12|419|167|21
33|13|419|167|21
33|14|419|167|21
33|15|419|167|21
33|16|420|167|21
33|17|420|167|21
33|18|420|168|21
33|19|420|168|21
33|20|420|168|21
33|21|420|168|21
33|22|420|168|21
33|23|421|168|21
33|24|421|168|21
33|25|421|168|21
33|26|421|168|21
33|27|421|168|21
33|28|421|168|21
33|29|421|168|21
33|30|421|168|21
33|31|422|169|22
33|32|422|169|22
33|33|422|169|22
33|34|422|169|22
33|35|422|169|22
33|36|423|169|22
33|37|423|169|22
33|38|423|169|22
33|39|423|169|22
33|40|423|169|22
33|41|423|169|22
33|42|423|169|22
33|43|423|169|22
33|44|424|169|22
33|45|424|169|22
33|46|424|169|22
33|47|424|169|22
33|48|424|169|22
33|49|424|169|22
33|50|424|169|22
33|51|425|170|22
33|52|425|170|22
33|53|425|170|22
33|54|425|170|22
33|55|426|170|22
33|56|426|170|22
33|57|426|170|22
33|58|426|170|22
33|59|426|170|22
33|60|426|171|22
33|61|426|171|22
33|62|426|171|22
33|63|427|171|22
33|64|427|171|22
33|65|427|171|22
33|66|427|171|22
33|67|427|171|22
33|68|427|171|22
33|69|427|171|22
33|70|427|171|22
33|71|427|171|22
33|72|427|171|22
33|73|427|171|22
34|1|428|171|22
34|2|428|171|22
34|3|428|171|22
34|4|428|171|22
34|5|428|171|22
34|6|428|171|22
34|7|428|171|22
34|8|429|171|22
34|9|429|171|22
34|10|429|172|22
34|11|429|172|22
34|12|429|172|22
34|13|429|172|22
34|14|429|172|22
34|15|430|172|22
34|16|430|172|22
34|17|430|172|22
34|18|430|172|22
34|19|430|172|22
34|20|430|172|22
34|21|430|172|22
34|22|430|172|22
34|23|431|172|22
34|24|431|173|22
34|25|431|173|22
34|26|431|173|22
34|27|431|173|22
34|28|431|173|22
34|29|431|173|22
34|30|431|173|22
34|31|431|173|22
34|32|432|173|22
34|33|432|173|22
34|34|432|173|22
34|35|432|173|22
34|36|432|173|22
34|37|432|173|22
34|38|432|173|22
34|39|432|173|22
34|40|433|173|22
34|41|433|173|22
34|42|433|173|22
34|43|433|173|22
34|44|433|173|22
34|45|433|173|22
34|46|433|174|22
34|47|433|174|22
34|48|433|174|22
34|49|434|174|22
34|50|434|174|22
34|51|434|174|22
34|52|434|174|22
34|53|434|174|22
34|54|434|174|22
35|1|434|174|22
35|2|434|174|22
35|3|434|174|22
35|4|435|174|22
35|5|435|174|22
35|6|435|174|22
35|7|435|174|22
35|8|435|174|22
35|9|435|174|22
35|10|435|174|22
35|11|435|174|22
35|12|436|174|22
35|13|436|174|22
35|14|436|174|22
35|15|436|175|22
35|16|436|175|22
35|17|436|175|22
35|18|436|175|22
35|19|437|175|22
35|20|437|175|22
35|21|437|175|22
35|22|437|175|22
35|23|437|175|22
35|24|437|175|22
35|25|437|175|22
35|26|437|175|22
35|27|437|175|22
35|28|437|175|22
35|29|437|175|22
35|30|437|175|22
35|31|438|175|22
35|32|438|175|22
35|33|438|175|22
35|34|438|175|22
35|35|438|175|22
35|36|438|175|22
35|37|438|175|22
35|38|438|175|22
35|39|439|175|22
35|40|439|175|22
35|41|439|176|22
35|42|439|176|22
35|43|439|176|22
35|44|439|176|22
35|45|440|176|22
36|1|440|176|22
36|2|440|176|22
36|3|440|176|22
36|4|440|176|22
36|5|440|176|22
36|6|440|176|22
36|7|440|176|22
36|8|440|176|22
36|9|440|176|22
36|10|440|176|22
36|11|440|176|22
36|12|440|176|22
36|13|441|176|22
36|14|441|176|22
36|15|441|176|22
36|16|441|176|22
36|17|441|176|22
36|18|441|176|22
36|19|441|176|22
36|20|441|176|22
36|21|441|176|22
36|22|441|176|22
36|23|441|176|22
36|24|441|176|22
36|25|441|176|22
36|26|441|176|22
36|27|441|176|22
36|28|442|177|23
36|29|442|177|23
36|30|442|177|23
36|31|442|177|23
36|32|442|177|23
36|33|442|177|23
36|34|442|177|23
36|35|442|177|23
36|36|442|177|23
36|37|442|177|23
36|38|442|177|23
36|39|442|177|23
36|40|442|177|23
36|41|443|177|23
36|42|443|177|23
36|43|443|177|23
36|44|443|177|23
36|45|443|177|23
36|46|443|177|23
36|47|443|177|23
36|48|443|177|23
36|49|443|177|23
36|50|443|177|23
36|51|443|177|23
36|52|443|177|23
36|53|443|177|23
36|54|443|177|23
36|55|444|177|23
36|56|444|177|23
36|57|444|177|23
36|58|444|177|23
36|59|444|177|23
36|60|444|178|23
36|61|444|178|23
36|62|444|178|23
36|63|444|178|23
36|64|444|178|23
36|65|444|178|23
36|66|444|178|23
36|67|444|178|23
36|68|444|178|23
36|69|444|178|23
36|70|444|178|23
36|71|445|178|23
36|72|445|178|23
36|73|445|178|23
36|74|445|178|23
36|75|445|178|23
36|76|445|178|23
36|77|445|178|23
36|78|445|178|23
36|79|445|178|23
36|80|445|178|23
36|81|445|178|23
36|82|445|178|23
36|83|445|178|23
37|1|446|178|23
37|2|446|178|23
37|3|446|178|23
37|4|446|178|23
37|5|446|178|23
37|6|446|178|23
37|7|446|178|23
37|8|446|178|23
37|9|446|178|23
37|10|446|178|23
37|11|446|178|23
37|12|446|178|23
37|13|446|178|23
37|14|446|178|23
37|15|446|178|23
37|16|446|178|23
37|17|446|178|23
37|18|446|178|23
37|19|446|178|23
37|20|446|178|23
37|21|446|178|23
37|22|446|179|23
37|23|446|179|23
37|24|446|179|23
37|25|447|179|23
37|26|447|179|23
37|27|447|179|23
37|28|447|179|23
37|29|447|179|23
37|30|447|179|23
37|31|447|179|23
37|32|447|179|23
37|33|447|179|23
37|34|447|179|23
37|35|447|179|23
37|36|447|179|23
37|37|447|179|23
37|38|447|179|23
37|39|447|179|23
37|40|447|179|23
37|41|447|179|23
37|42|447|179|23
37|43|447|179|23
37|44|447|179|23
37|45|447|179|23
37|46|447|179|23
37|47|447|179|23
37|48|447|179|23
37|49|447|179|23
37|50|447|179|23
37|51|447|179|23
37|52|448|179|23
37|53|448|179|23
37|54|448|179|23
37|55|448|179|23
37|56|448|179|23
37|57|448|179|23
37|58|448|179|23
37|59|448|179|23
37|60|448|179|23
37|61|448|179|23
37|62|448|179|23
37|63|448|179|23
37|64|448|179|23
37|65|448|179|23
37|66|448|179|23
37|67|448|179|23
37|68|448|179|23
37|69|448|179|23
37|70|448|179|23
37|71|448|179|23
37|72|448|179|23
37|73|448|179|23
37|74|448|179|23
37|75|448|179|23
37|76|448|179|23
37|77|449|179|23
37|78|449|179|23
37|79|449|179|23
37|80|449|179|23
37|81|449|179|23
37|82|449|179|23
37|83|449|180|23
37|84|449|180|23
37|85|449|180|23
37|86|449|180|23
37|87|449|180|23
37|88|449|180|23
37|89|449|180|23
37|90|449|180|23
37|91|449|180|23
37|92|449|180|23
37|93|449|180|23
37|94|449|180|23
37|95|449|180|23
37|96|449|180|23
37|97|449|180|23
37|98|449|180|23
37|99|449|180|23
37|100|449|180|23
37|101|449|180|23
37|102|449|180|23
37|103|450|180|23
37|104|450|180|23
37|105|450|180|23
37|106|450|180|23
37|107|450|180|23
37|108|450|180|23
37|109|450|180|23
37|110|450|180|23
37|111|450|180|23
37|112|450|180|23
37|113|450|180|23
37|114|450|180|23
37|115|450|180|23
37|116|450|180|23
37|117|450|180|23
37|118|450|180|23
37|119|450|180|23
37|120|450|180|23
37|121|450|180|23
37|122|450|180|23
37|123|450|180|23
37|124|450|180|23
37|125|450|180|23
37|126|450|180|23
37|127|451|180|23
37|128|451|180|23
37|129|451|180|23
37|130|451|180|23
37|131|451|180|23
37|132|451|180|23
37|133|451|180|23
37|134|451|180|23
37|135|451|180|23
37|136|451|180|23
37|137|451|180|23
37|138|451|180|23
37|139|451|180|23
37|140|451|180|23
37|141|451|180|23
37|142|451|180|23
37|143|451|180|23
37|144|451|180|23
37|145|451|181|23
37|146|451|181|23
37|147|451|181|23
37|148|451|181|23
37|149|451|181|23
37|150|451|181|23
37|151|451|181|23
37|152|451|181|23
37|153|451|181|23
37|154|452|181|23
37|155|452|181|23
37|156|452|181|23
37|157|452|181|23
37|158|452|181|23
37|159|452|181|23
37|160|452|181|23
37|161|452|181|23
37|162|452|181|23
37|163|452|181|23
37|164|452|181|23
37|165|452|181|23
37|166|452|181|23
37|167|452|181|23
37|168|452|181|23
37|169|452|181|23
37|170|452|181|23
37|171|452|181|23
37|172|452|181|23
37|173|452|181|23
37|174|452|181|23
37|175|452|181|23
37|176|452|181|23
37|177|452|181|23
37|178|452|181|23
37|179|452|181|23
37|180|452|181|23
37|181|452|181|23
37|182|452|181|23
38|1|453|181|23
38|2|453|181|23
38|3|453|181|23
38|4|453|181|23
38|5|453|181|23
38|6|453|181|23
38|7|453|181|23
38|8|453|181|23
38|9|453|181|23
38|10|453|181|23
38|11|453|181|23
38|12|453|181|23
38|13|453|181|23
38|14|453|181|23
38|15|453|181|23
38|16|453|181|23
38|17|454|181|23
38|18|454|181|23
38|19|454|181|23
38|20|454|181|23
38|21|454|182|23
38|22|454|182|23
38|23|454|182|23
38|24|454|182|23
38|25|454|182|23
38|26|454|182|23
38|27|455|182|23
38|28|455|182|23
38|29|455|182|23
38|30|455|182|23
38|31|455|182|23
38|32|455|182|23
38|33|455|182|23
38|34|455|182|23
38|35|455|182|23
38|36|455|182|23
38|37|455|182|23
38|38|455|182|23
38|39|455|182|23
38|40|455|182|23
38|41|455|182|23
38|42|455|182|23
38|43|456|182|23
38|44|456|182|23
38|45|456|182|23
38|46|456|182|23
38|47|456|182|23
38|48|456|182|23
38|49|456|182|23
38|50|456|182|23
38|51|456|182|23
38|52|456|183|23
38|53|456|183|23
38|54|456|183|23
38|55|456|183|23
38|56|456|183|23
38|57|456|183|23
38|58|456|183|23
38|59|456|183|23
38|60|456|183|23
38|61|456|183|23
38|62|457|183|23
38|63|457|183|23
38|64|457|183|23
38|65|457|183|23
38|66|457|183|23
38|67|457|183|23
38|68|457|183|23
38|69|457|183|23
38|70|457|183|23
38|71|457|183|23
38|72|457|183|23
38|73|457|183|23
38|74|457|183|23
38|75|457|183|23
38|76|457|183|23
38|77|457|183|23
38|78|457|183|23
38|79|457|183|23
38|80|457|183|23
38|81|457|183|23
38|82|457|183|23
38|83|457|183|23
38|84|458|183|23
38|85|458|183|23
38|86|458|183|23
38|87|458|183|23
38|88|458|183|23
39|1|458|183|23
39|2|458|183|23
39|3|458|183|23
39|4|458|183|23
39|5|458|183|23
39|6|459|183|23
39|7|459|183|23
39|8|459|184|23
39|9|459|184|23
39|10|459|184|23
39|11|460|184|23
39|12|460|184|23
39|13|460|184|23
39|14|460|184|23
39|15|460|184|23
39|16|460|184|23
39|17|460|184|23
39|18|460|184|23
39|19|460|184|23
39|20|460|184|23
39|21|460|184|23
39|22|461|184|23
39|23|461|184|23
39|24|461|184|23
39|25|461|184|23
39|26|461|184|23
39|27|461|184|23
39|28|461|184|23
39|29|461|184|23
39|30|461|184|23
39|31|461|184|23
39|32|462|185|24
39|33|462|185|24
39|34|462|185|24
39|35|462|185|24
39|36|462|185|24
39|37|462|185|24
39|38|462|185|24
39|39|462|185|24
39|40|462|185|24
39|41|463|185|24
39|42|463|185|24
39|43|463|185|24
39|44|463|185|24
39|45|463|185|24
39|46|463|185|24
39|47|463|185|24
39|48|464|185|24
39|49|464|185|24
39|50|464|185|24
39|51|464|185|24
39|52|464|185|24
39|53|464|186|24
39|54|464|186|24
39|55|464|186|24
39|56|464|186|24
39|57|465|186|24
39|58|465|186|24
39|59|465|186|24
39|60|465|186|24
39|61|465|186|24
39|62|465|186|24
39|63|465|186|24
39|64|465|186|24
39|65|465|186|24
39|66|465|186|24
39|67|465|186|24
39|68|466|186|24
39|69|466|186|24
39|70|466|186|24
39|71|466|186|24
39|72|466|186|24
39|73|466|186|24
39|74|466|186|24
39|75|467|186|24
40|1|467|187|24
40|2|467|187|24
40|3|467|187|24
40|4|467|187|24
40|5|467|187|24
40|6|467|187|24
40|7|467|187|24
40|8|468|187|24
40|9|468|187|24
40|10|468|187|24
40|11|468|187|24
40|12|468|187|24
40|13|468|187|24
40|14|468|187|24
40|15|468|187|24
40|16|468|187|24
40|17|469|187|24
40|18|469|187|24
40|19|469|187|24
40|20|469|187|24
40|21|469|188|24
40|22|469|188|24
40|23|469|188|24
40|24|469|188|24
40|25|469|188|24
40|26|470|188|24
40|27|470|188|24
40|28|470|188|24
40|29|470|188|24
40|30|470|188|24
40|31|470|188|24
40|32|470|188|24
40|33|470|188|24
40|34|471|188|24
40|35|471|188|24
40|36|471|188|24
40|37|471|188|24
40|38|471|188|24
40|39|471|188|24
40|40|471|188|24
40|41|472|189|24
40|42|472|189|24
40|43|472|189|24
40|44|472|189|24
40|45|472|189|24
40|46|472|189|24
40|47|472|189|24
40|48|472|189|24
40|49|472|189|24
40|50|473|189|24
40|51|473|189|24
40|52|473|189|24
40|53|473|189|24
40|54|473|189|24
40|55|473|189|24
40|56|473|189|24
40|57|473|189|24
40|58|473|189|24
40|59|474|189|24
40|60|474|189|24
40|61|474|189|24
40|62|474|189|24
40|63|474|189|24
40|64|474|189|24
40|65|474|189|24
40|66|474|190|24
40|67|475|190|24
40|68|475|190|24
40|69|475|190|24
40|70|475|190|24
40|71|475|190|24
40|72|475|190|24
40|73|475|190|24
40|74|475|190|24
40|75|475|190|24
40|76|475|190|24
40|77|475|190|24
40|78|476|190|24
40|79|476|190|24
40|80|476|190|24
40|81|476|190|24
40|82|476|190|24
40|83|476|190|24
40|84|476|190|24
40|85|476|190|24
41|1|477|190|24
41|2|477|190|24
41|3|477|190|24
41|4|477|190|24
41|5|477|190|24
41|6|477|190|24
41|7|477|190|24
41|8|477|190|24
41|9|477|191|24
41|10|477|191|24
41|11|477|191|24
41|12|478|191|24
41|13|478|191|24
41|14|478|191|24
41|15|478|191|24
41|16|478|191|24
41|17|478|191|24
41|18|478|191|24
41|19|478|191|24
41|20|478|191|24
41|21|479|191|24
41|22|479|191|24
41|23|479|191|24
41|24|479|191|24
41|25|479|192|24
41|26|479|192|24
41|27|479|192|24
41|28|479|192|24
41|29|479|192|24
41|30|480|192|24
41|31|480|192|24
41|32|480|192|24
41|33|480|192|24
41|34|480|192|24
41|35|480|192|24
41|36|480|192|24
41|37|480|192|24
41|38|480|192|24
41|39|481|192|24
41|40|481|192|24
41|41|481|192|24
41|42|481|192|24
41|43|481|192|24
41|44|481|192|24
41|45|481|192|24
41|46|481|192|24
41|47|482|193|25
41|48|482|193|25
41|49|482|193|25
41|50|482|193|25
41|51|482|193|25
41|52|482|193|25
41|53|482|193|25
41|54|482|193|25
42|1|483|193|25
42|2|483|193|25
42|3|483|193|25
42|4|483|193|25
42|5|483|193|25
42|6|483|193|25
42|7|483|193|25
42|8|483|193|25
42|9|483|193|25
42|10|483|193|25
42|11|484|193|25
42|12|484|193|25
42|13|484|194|25
42|14|484|194|25
42|15|484|194|25
42|16|485|194|25
42|17|485|194|25
42|18|485|194|25
42|19|485|194|25
42|20|485|194|25
42|21|485|194|25
42|22|485|194|25
42|23|486|194|25
42|24|486|194|25
42|25|486|194|25
42|26|486|194|25
42|27|486|195|25
42|28|486|195|25
42|29|486|195|25
42|30|486|195|25
42|31|486|195|25
42|32|487|195|25
42|33|487|195|25
42|34|487|195|25
42|35|487|195|25
42|36|487|195|25
42|37|487|195|25
42|38|487|195|25
42|39|487|195|25
42|40|487|195|25
42|41|487|195|25
42|42|487|195|25
42|43|487|195|25
42|44|487|195|25
42|45|488|195|25
42|46|488|195|25
42|47|488|195|25
42|48|488|195|25
42|49|488|195|25
42|50|488|195|25
42|51|488|196|25
42|52|489|196|25
42|53|489|196|25
43|1|489|196|25
43|2|489|196|25
43|3|489|196|25
43|4|489|196|25
43|5|489|196|25
43|6|489|196|25
43|7|489|196|25
43|8|489|196|25
43|9|489|196|25
43|10|489|196|25
43|11|490|196|25
43|12|490|196|25
43|13|490|196|25
43|14|490|196|25
43|15|490|196|25
43|16|490|196|25
43|17|490|196|25
43|18|490|196|25
43|19|490|196|25
43|20|490|196|25
43|21|490|196|25
43|22|490|196|25
43|23|491|196|25
43|24|491|197|25
43|25|491|197|25
43|26|491|197|25
43|27|491|197|25
43|28|491|197|25
43|29|491|197|25
43|30|491|197|25
43|31|491|197|25
43|32|491|197|25
43|33|491|197|25
43|34|492|197|25
43|35|492|197|25
43|36|492|197|25
43|37|492|197|25
43|38|492|197|25
43|39|492|197|25
43|40|492|197|25
43|41|492|197|25
43|42|492|197|25
43|43|492|197|25
43|44|492|197|25
43|45|492|197|25
43|46|492|197|25
43|47|492|197|25
43|48|493|197|25
43|49|493|197|25
43|50|493|197|25
43|51|493|197|25
43|52|493|197|25
43|53|493|197|25
43|54|493|197|25
43|55|493|197|25
43|56|493|197|25
43|57|493|198|25
43|58|493|198|25
43|59|493|198|25
43|60|493|198|25
43|61|494|198|25
43|62|494|198|25
43|63|494|198|25
43|64|494|198|25
43|65|494|198|25
43|66|494|198|25
43|67|494|198|25
43|68|494|198|25
43|69|494|198|25
43|70|494|198|25
43|71|494|198|25
43|72|494|198|25
43|73|494|198|25
43|74|495|198|25
43|75|495|198|25
43|76|495|198|25
43|77|495|198|25
43|78|495|198|25
43|79|495|198|25
43|80|495|198|25
43|81|495|198|25
43|82|495|198|25
43|83|495|198|25
43|84|495|198|25
43|85|495|198|25
43|86|495|198|25
43|87|495|198|25
43|88|495|198|25
43|89|495|198|25
44|1|496|198|25
44|2|496|198|25
44|3|496|198|25
44|4|496|198|25
44|5|496|198|25
44|6|496|198|25
44|7|496|198|25
44|8|496|198|25
44|9|496|198|25
44|10|496|198|25
44|11|496|198|25
44|12|496|198|25
44|13|496|198|25
44|14|496|198|25
44|15|496|198|25
44|16|496|198|25
44|17|496|199|25
44|18|496|199|25
44|19|497|199|25
44|20|497|199|25
44|21|497|199|25
44|22|497|199|25
44|23|497|199|25
44|24|497|199|25
44|25|497|199|25
44|26|497|199|25
44|27|497|199|25
44|28|497|199|25
44|29|497|199|25
44|30|497|199|25
44|31|497|199|25
44|32|497|199|25
44|33|497|199|25
44|34|497|199|25
44|35|497|199|25
44|36|497|199|25
44|37|497|199|25
44|38|497|199|25
44|39|497|199|25
44|40|498|199|25
44|41|498|199|25
44|42|498|199|25
44|43|498|199|25
44|44|498|199|25
44|45|498|199|25
44|46|498|199|25
44|47|498|199|25
44|48|498|199|25
44|49|498|199|25
44|50|498|199|25
44|51|498|199|25
44|52|498|199|25
44|53|498|199|25
44|54|498|199|25
44|55|498|199|25
44|56|498|199|25
44|57|498|199|25
44|58|498|199|25
44|59|498|199|25
45|1|499|199|25
45|2|499|199|25
45|3|499|199|25
45|4|499|199|25
45|5|499|199|25
45|6|499|199|25
45|7|499|199|25
45|8|499|199|25
45|9|499|199|25
45|10|499|199|25
45|11|499|199|25
45|12|499|200|25
45|13|499|200|25
45|14|500|200|25
45|15|500|200|25
45|16|500|200|25
45|17|500|200|25
45|18|500|200|25
45|19|500|200|25
45|20|500|200|25
45|21|500|200|25
45|22|500|200|25
45|23|501|200|25
45|24|501|200|25
45|25|501|200|25
45|26|501|200|25
45|27|501|200|25
45|28|501|200|25
45|29|501|200|25
45|30|501|200|25
45|31|501|200|25
45|32|501|200|25
45|33|502|200|25
45|34|502|200|25
45|35|502|200|25
45|36|502|200|25
45|37|502|200|25
46|1|502|201|26
46|2|502|201|26
46|3|502|201|26
46|4|502|201|26
46|5|502|201|26
46|6|503|201|26
46|7|503|201|26
46|8|503|201|26
46|9|503|201|26
46|10|503|201|26
46|11|503|201|26
46|12|503|201|26
46|13|503|201|26
46|14|503|201|26
46|15|504|201|26
46|16|504|201|26
46|17|504|201|26
46|18|504|201|26
46|19|504|201|26
46|20|504|201|26
46|21|505|202|26
46|22|505|202|26
46|23|505|202|26
46|24|505|202|26
46|25|505|202|26
46|26|505|202|26
46|27|505|202|26
46|28|505|202|26
46|29|506|202|26
46|30|506|202|26
46|31|506|202|26
46|32|506|202|26
46|33|506|202|26
46|34|506|202|26
46|35|506|202|26
47|1|507|202|26
47|2|507|202|26
47|3|507|202|26
47|4|507|202|26
47|5|507|202|26
47|6|507|202|26
47|7|507|202|26
47|8|507|202|26
47|9|507|202|26
47|10|507|203|26
47|11|507|203|26
47|12|508|203|26
47|13|508|203|26
47|14|508|203|26
47|15|508|203|26
47|16|508|203|26
47|17|508|203|26
47|18|508|203|26
47|19|508|203|26
47|20|509|203|26
47|21|509|203|26
47|22|509|203|26
47|23|509|203|26
47|24|509|203|26
47|25|509|203|26
47|26|509|203|26
47|27|509|203|26
47|28|509|203|26
47|29|509|203|26
47|30|510|203|26
47|31|510|203|26
47|32|510|203|26
47|33|510|204|26
47|34|510|204|26
47|35|510|204|26
47|36|510|204|26
47|37|510|204|26
47|38|510|204|26
48|1|511|204|26
48|2|511|204|26
48|3|511|204|26
48|4|511|204|26
48|5|511|204|26
48|6|511|204|26
48|7|511|204|26
48|8|511|204|26
48|9|511|204|26
48|10|512|204|26
48|11|512|204|26
48|12|512|204|26
48|13|512|204|26
48|14|512|204|26
48|15|512|204|26
48|16|513|204|26
48|17|513|204|26
48|18|513|205|26
48|19|513|205|26
48|20|513|205|26
48|21|513|205|26
48|22|513|205|26
48|23|513|205|26
48|24|514|205|26
48|25|514|205|26
48|26|514|205|26
48|27|514|205|26
48|28|514|205|26
48|29|515|205|26
49|1|515|206|26
49|2|515|206|26
49|3|515|206|26
49|4|515|206|26
49|5|516|206|26
49|6|516|206|26
49|7|516|206|26
49|8|516|206|26
49|9|516|206|26
49|10|516|206|26
49|11|516|206|26
49|12|517|206|26
49|13|517|206|26
49|14|517|207|26
49|15|517|207|26
49|16|517|207|26
49|17|517|207|26
49|18|517|207|26
50|1|518|207|26
50|2|518|207|26
50|3|518|207|26
50|4|518|207|26
50|5|518|207|26
50|6|518|207|26
50|7|518|207|26
50|8|518|207|26
50|9|518|207|26
50|10|518|207|26
50|11|518|207|26
50|12|518|207|26
50|13|518|207|26
50|14|518|207|26
50|15|518|207|26
50|16|519|207|26
50|17|519|207|26
50|18|519|207|26
50|19|519|207|26
50|20|519|207|26
50|21|519|207|26
50|22|519|207|26
50|23|519|207|26
50|24|519|207|26
50|25|519|207|26
50|26|519|207|26
50|27|519|208|26
50|28|519|208|26
50|29|519|208|26
50|30|519|208|26
50|31|519|208|26
50|32|519|208|26
50|33|519|208|26
50|34|519|208|26
50|35|519|208|26
50|36|520|208|26
50|37|520|208|26
50|38|520|208|26
50|39|520|208|26
50|40|520|208|26
50|41|520|208|26
50|42|520|208|26
50|43|520|208|26
50|44|520|208|26
50|45|520|208|26
51|1|520|208|26
51|2|520|208|26
51|3|520|208|26
51|4|520|208|26
51|5|520|208|26
51|6|520|208|26
51|7|521|208|26
51|8|521|208|26
51|9|521|208|26
51|10|521|208|26
51|11|521|208|26
51|12|521|208|26
51|13|521|208|26
51|14|521|208|26
51|15|521|208|26
51|16|521|208|26
51|17|521|208|26
51|18|521|208|26
51|19|521|208|26
51|20|521|208|26
51|21|521|208|26
51|22|521|208|26
51|23|521|208|26
51|24|521|208|26
51|25|521|208|26
51|26|521|208|26
51|27|521|208|26
51|28|521|208|26
51|29|521|208|26
51|30|521|208|26
51|31|522|209|27
51|32|522|209|27
51|33|522|209|27
51|34|522|209|27
51|35|522|209|27
51|36|522|209|27
51|37|522|209|27
51|38|522|209|27
51|39|522|209|27
51|40|522|209|27
51|41|522|209|27
51|42|522|209|27
51|43|522|209|27
51|44|522|209|27
51|45|522|209|27
51|46|522|209|27
51|47|522|209|27
51|48|522|209|27
51|49|522|209|27
51|50|522|209|27
51|51|522|209|27
51|52|523|209|27
51|53|523|209|27
51|54|523|209|27
51|55|523|209|27
51|56|523|209|27
51|57|523|209|27
51|58|523|209|27
51|59|523|209|27
51|60|523|209|27
52|1|523|209|27
52|2|523|209|27
52|3|523|209|27
52|4|523|209|27
52|5|523|209|27
52|6|523|209|27
52|7|523|209|27
52|8|523|209|27
52|9|523|209|27
52|10|523|209|27
52|11|523|209|27
52|12|523|209|27
52|13|523|209|27
52|14|523|209|27
52|15|524|209|27
52|16|524|209|27
52|17|524|209|27
52|18|524|209|27
52|19|524|209|27
52|20|524|209|27
52|21|524|209|27
52|22|524|209|27
52|23|524|209|27
52|24|524|210|27
52|25|524|210|27
52|26|524|210|27
52|27|524|210|27
52|28|524|210|27
52|29|524|210|27
52|30|524|210|27
52|31|524|210|27
52|32|525|210|27
52|33|525|210|27
52|34|525|210|27
52|35|525|210|27
52|36|525|210|27
52|37|525|210|27
52|38|525|210|27
52|39|525|210|27
52|40|525|210|27
52|41|525|210|27
52|42|525|210|27
52|43|525|210|27
52|44|525|210|27
52|45|525|210|27
52|46|525|210|27
52|47|525|210|27
52|48|525|210|27
52|49|525|210|27
53|1|526|210|27
53|2|526|210|27
53|3|526|210|27
53|4|526|210|27
53|5|526|210|27
53|6|526|210|27
53|7|526|210|27
53|8|526|210|27
53|9|526|210|27
53|10|526|210|27
53|11|526|210|27
53|12|526|210|27
53|13|526|210|27
53|14|526|210|27
53|15|526|210|27
53|16|526|210|27
53|17|526|210|27
53|18|526|210|27
53|19|526|210|27
53|20|526|210|27
53|21|526|210|27
53|22|526|210|27
53|23|526|210|27
53|24|526|210|27
53|25|526|210|27
53|26|526|211|27
53|27|527|211|27
53|28|527|211|27
53|29|527|211|27
53|30|527|211|27
53|31|527|211|27
53|32|527|211|27
53|33|527|211|27
53|34|527|211|27
53|35|527|211|27
53|36|527|211|27
53|37|527|211|27
53|38|527|211|27
53|39|527|211|27
53|40|527|211|27
53|41|527|211|27
53|42|527|211|27
53|43|527|211|27
53|44|527|211|27
53|45|528|211|27
53|46|528|211|27
53|47|528|211|27
53|48|528|211|27
53|49|528|211|27
53|50|528|211|27
53|51|528|211|27
53|52|528|211|27
53|53|528|211|27
53|54|528|211|27
53|55|528|211|27
53|56|528|211|27
53|57|528|211|27
53|58|528|211|27
53|59|528|211|27
53|60|528|211|27
53|61|528|211|27
53|62|528|211|27
54|1|528|211|27
54|2|528|211|27
54|3|528|211|27
54|4|528|211|27
54|5|528|211|27
54|6|528|211|27
54|7|529|211|27
54|8|529|211|27
54|9|529|212|27
54|10|529|212|27
54|11|529|212|27
54|12|529|212|27
54|13|529|212|27
54|14|529|212|27
54|15|529|212|27
54|16|529|212|27
54|17|529|212|27
54|18|529|212|27
54|19|529|212|27
54|20|529|212|27
54|21|529|212|27
54|22|529|212|27
54|23|529|212|27
54|24|529|212|27
54|25|529|212|27
54|26|529|212|27
54|27|529|212|27
54|28|530|212|27
54|29|530|212|27
54|30|530|212|27
54|31|530|212|27
54|32|530|212|27
54|33|530|212|27
54|34|530|212|27
54|35|530|212|27
54|36|530|212|27
54|37|530|212|27
54|38|530|212|27
54|39|530|212|27
54|40|530|212|27
54|41|530|212|27
54|42|530|212|27
54|43|530|212|27
54|44|530|212|27
54|45|530|212|27
54|46|530|212|27
54|47|530|212|27
54|48|530|212|27
54|49|530|212|27
54|50|531|212|27
54|51|531|212|27
54|52|531|212|27
54|53|531|212|27
54|54|531|212|27
54|55|531|212|27
55|1|531|213|27
55|2|531|213|27
55|3|531|213|27
55|4|531|213|27
55|5|531|213|27
55|6|531|213|27
55|7|531|213|27
55|8|531|213|27
55|9|531|213|27
55|10|531|213|27
55|11|531|213|27
55|12|531|213|27
55|13|531|213|27
55|14|531|213|27
55|15|531|213|27
55|16|531|213|27
55|17|532|213|27
55|18|532|213|27
55|19|532|213|27
55|20|532|213|27
55|21|532|213|27
55|22|532|213|27
55|23|532|213|27
55|24|532|213|27
55|25|532|213|27
55|26|532|213|27
55|27|532|213|27
55|28|532|213|27
55|29|532|213|27
55|30|532|213|27
55|31|532|213|27
55|32|532|213|27
55|33|532|213|27
55|34|532|213|27
55|35|532|213|27
55|36|532|213|27
55|37|532|213|27
55|38|532|213|27
55|39|532|213|27
55|40|532|213|27
55|41|533|213|27
55|42|533|213|27
55|43|533|213|27
55|44|533|213|27
55|45|533|213|27
55|46|533|213|27
55|47|533|213|27
55|48|533|213|27
55|49|533|213|27
55|50|533|213|27
55|51|533|213|27
55|52|533|213|27
55|53|533|213|27
55|54|533|213|27
55|55|533|213|27
55|56|533|213|27
55|57|533|213|27
55|58|533|213|27
55|59|533|213|27
55|60|533|213|27
55|61|533|213|27
55|62|533|213|27
55|63|533|213|27
55|64|533|213|27
55|65|533|213|27
55|66|533|213|27
55|67|533|213|27
55|68|534|213|27
55|69|534|213|27
55|70|534|213|27
55|71|534|213|27
55|72|534|213|27
55|73|534|213|27
55|74|534|213|27
55|75|534|213|27
55|76|534|213|27
55|77|534|213|27
55|78|534|213|27
56|1|534|214|27
56|2|534|214|27
56|3|534|214|27
56|4|534|214|27
56|5|534|214|27
56|6|534|214|27
56|7|534|214|27
56|8|534|214|27
56|9|534|214|27
56|10|534|214|27
56|11|534|214|27
56|12|534|214|27
56|13|534|214|27
56|14|534|214|27
56|15|534|214|27
56|16|534|214|27
56|17|535|214|27
56|18|535|214|27
56|19|535|214|27
56|20|535|214|27
56|21|535|214|27
56|22|535|214|27
56|23|535|214|27
56|24|535|214|27
56|25|535|214|27
56|26|535|214|27
56|27|535|214|27
56|28|535|214|27
56|29|535|214|27
56|30|535|214|27
56|31|535|214|27
56|32|535|214|27
56|33|535|214|27
56|34|535|214|27
56|35|535|214|27
56|36|535|214|27
56|37|535|214|27
56|38|535|214|27
56|39|535|214|27
56|40|535|214|27
56|41|535|214|27
56|42|535|214|27
56|43|535|214|27
56|44|535|214|27
56|45|535|214|27
56|46|535|214|27
56|47|535|214|27
56|48|535|214|27
56|49|535|214|27
56|50|535|214|27
56|51|536|214|27
56|52|536|214|27
56|53|536|214|27
56|54|536|214|27
56|55|536|214|27
56|56|536|214|27
56|57|536|214|27
56|58|536|214|27
56|59|536|214|27
56|60|536|214|27
56|61|536|214|27
56|62|536|214|27
56|63|536|214|27
56|64|536|214|27
56|65|536|214|27
56|66|536|214|27
56|67|536|214|27
56|68|536|214|27
56|69|536|214|27
56|70|536|214|27
56|71|536|214|27
56|72|536|214|27
56|73|536|214|27
56|74|536|214|27
56|75|536|215|27
56|76|536|215|27
56|77|537|215|27
56|78|537|215|27
56|79|537|215|27
56|80|537|215|27
56|81|537|215|27
56|82|537|215|27
56|83|537|215|27
56|84|537|215|27
56|85|537|215|27
56|86|537|215|27
56|87|537|215|27
56|88|537|215|27
56|89|537|215|27
56|90|537|215|27
56|91|537|215|27
56|92|537|215|27
56|93|537|215|27
56|94|537|215|27
56|95|537|215|27
56|96|537|215|27
57|1|537|215|27
57|2|537|215|27
57|3|537|215|27
57|4|538|215|27
57|5|538|215|27
57|6|538|215|27
57|7|538|215|27
57|8|538|215|27
57|9|538|215|27
57|10|538|215|27
57|11|538|215|27
57|12|539|215|27
57|13|539|215|27
57|14|539|215|27
57|15|539|215|27
57|16|539|216|27
57|17|539|216|27
57|18|539|216|27
57|19|540|216|27
57|20|540|216|27
57|21|540|216|27
57|22|540|216|27
57|23|540|216|27
57|24|540|216|27
57|25|541|216|27
57|26|541|216|27
57|27|541|216|27
57|28|541|216|27
57|29|541|216|27
58|1|542|217|28
58|2|542|217|28
58|3|542|217|28
58|4|542|217|28
58|5|542|217|28
58|6|542|217|28
58|7|543|217|28
58|8|543|217|28
58|9|543|217|28
58|10|543|217|28
58|11|543|217|28
58|12|544|217|28
58|13|544|217|28
58|14|544|218|28
58|15|544|218|28
58|16|544|218|28
58|17|544|218|28
58|18|544|218|28
58|19|544|218|28
58|20|544|218|28
58|21|544|218|28
58|22|545|218|28
59|1|545|218|28
59|2|545|218|28
59|3|545|218|28
59|4|546|218|28
59|5|546|218|28
59|6|546|218|28
59|7|546|218|28
59|8|546|218|28
59|9|546|218|28
59|10|547|218|28
59|11|547|219|28
59|12|547|219|28
59|13|547|219|28
59|14|547|219|28
59|15|547|219|28
59|16|547|219|28
59|17|548|219|28
59|18|548|219|28
59|19|548|219|28
59|20|548|219|28
59|21|548|219|28
59|22|548|219|28
59|23|548|219|28
59|24|548|219|28
60|1|549|219|28
60|2|549|219|28
60|3|549|219|28
60|4|549|219|28
60|5|549|219|28
60|6|550|219|28
60|7|550|220|28
60|8|550|220|28
60|9|550|220|28
60|10|550|220|28
60|11|550|220|28
60|12|551|220|28
60|13|551|220|28
61|1|551|220|28
61|2|551|220|28
61|3|551|220|28
61|4|551|220|28
61|5|551|220|28
61|6|552|220|28
61|7|552|220|28
61|8|552|220|28
61|9|552|220|28
61|10|552|220|28
61|11|552|220|28
61|12|552|220|28
61|13|552|220|28
61|14|552|220|28
62|1|553|221|28
62|2|553|221|28
62|3|553|221|28
62|4|553|221|28
62|5|553|221|28
62|6|553|221|28
62|7|553|221|28
62|8|553|221|28
62|9|554|221|28
62|10|554|221|28
62|11|554|221|28
63|1|554|221|28
63|2|554|221|28
63|3|554|221|28
63|4|554|222|28
63|5|555|222|28
63|6|555|222|28
63|7|555|222|28
63|8|555|222|28
63|9|555|222|28
63|10|555|222|28
63|11|555|222|28
64|1|556|222|28
64|2|556|222|28
64|3|556|222|28
64|4|556|222|28
64|5|556|222|28
64|6|556|222|28
64|7|556|222|28
64|8|556|222|28
64|9|556|222|28
64|10|557|222|28
64|11|557|222|28
64|12|557|222|28
64|13|557|222|28
64|14|557|222|28
64|15|557|222|28
64|16|557|222|28
64|17|557|222|28
64|18|557|222|28
65|1|558|223|28
65|2|558|223|28
65|3|558|223|28
65|4|558|223|28
65|5|558|223|28
65|6|559|223|28
65|7|559|223|28
65|8|559|223|28
65|9|559|223|28
65|10|559|223|28
65|11|559|223|28
65|12|559|223|28
66|1|560|224|28
66|2|560|224|28
66|3|560|224|28
66|4|560|224|28
66|5|560|224|28
66|6|560|224|28
66|7|560|224|28
66|8|561|224|28
66|9|561|224|28
66|10|561|224|28
66|11|561|224|28
66|12|561|224|28
67|1|562|225|29
67|2|562|225|29
67|3|562|225|29
67|4|562|225|29
67|5|562|225|29
67|6|562|225|29
67|7|562|225|29
67|8|562|225|29
67|9|562|225|29
67|10|562|225|29
67|11|562|225|29
67|12|562|225|29
67|13|563|225|29
67|14|563|225|29
67|15|563|225|29
67|16|563|225|29
67|17|563|225|29
67|18|563|225|29
67|19|563|225|29
67|20|563|225|29
67|21|563|225|29
67|22|563|225|29
67|23|563|225|29
67|24|563|225|29
67|25|563|225|29
67|26|563|225|29
67|27|564|225|29
67|28|564|225|29
67|29|564|225|29
67|30|564|225|29
68|1|564|226|29
68|2|564|226|29
68|3|564|226|29
68|4|564|226|29
68|5|564|226|29
68|6|564|226|29
68|7|564|226|29
68|8|564|226|29
68|9|564|226|29
68|10|564|226|29
68|11|564|226|29
68|12|564|226|29
68|13|564|226|29
68|14|564|226|29
68|15|564|226|29
68|16|565|226|29
68|17|565|226|29
68|18|565|226|29
68|19|565|226|29
68|20|565|226|29
68|21|565|226|29
68|22|565|226|29
68|23|565|226|29
68|24|565|226|29
68|25|565|226|29
68|26|565|226|29
68|27|565|226|29
68|28|565|226|29
68|29|565|226|29
68|30|565|226|29
68|31|565|226|29
68|32|565|226|29
68|33|565|226|29
68|34|565|226|29
68|35|565|226|29
68|36|565|226|29
68|37|565|226|29
68|38|565|226|29
68|39|565|226|29
68|40|565|226|29
68|41|565|226|29
68|42|565|226|29
68|43|566|226|29
68|44|566|226|29
68|45|566|226|29
68|46|566|226|29
68|47|566|226|29
68|48|566|226|29
68|49|566|226|29
68|50|566|226|29
68|51|566|226|29
68|52|566|226|29
69|1|566|227|29
69|2|566|227|29
69|3|566|227|29
69|4|566|227|29
69|5|566|227|29
69|6|566|227|29
69|7|566|227|29
69|8|566|227|29
69|9|567|227|29
69|10|567|227|29
69|11|567|227|29
69|12|567|227|29
69|13|567|227|29
69|14|567|227|29
69|15|567|227|29
69|16|567|227|29
69|17|567|227|29
69|18|567|227|29
69|19|567|227|29
69|20|567|227|29
69|21|567|227|29
69|22|567|227|29
69|23|567|227|29
69|24|567|227|29
69|25|567|227|29
69|26|567|227|29
69|27|567|227|29
69|28|567|227|29
69|29|567|227|29
69|30|567|227|29
69|31|567|227|29
69|32|567|227|29
69|33|567|227|29
69|34|567|227|29
69|35|568|227|29
69|36|568|227|29
69|37|568|227|29
69|38|568|227|29
69|39|568|227|29
69|40|568|227|29
69|41|568|227|29
69|42|568|227|29
69|43|568|227|29
69|44|568|227|29
69|45|568|227|29
69|46|568|227|29
69|47|568|227|29
69|48|568|227|29
69|49|568|227|29
69|50|568|227|29
69|51|568|227|29
69|52|568|227|29
70|1|568|227|29
70|2|568|227|29
70|3|568|227|29
70|4|568|227|29
70|5|568|227|29
70|6|568|227|29
70|7|568|227|29
70|8|568|227|29
70|9|568|227|29
70|10|568|227|29
70|11|569|227|29
70|12|569|227|29
70|13|569|227|29
70|14|569|227|29
70|15|569|227|29
70|16|569|227|29
70|17|569|227|29
70|18|569|227|29
70|19|569|228|29
70|20|569|228|29
70|21|569|228|29
70|22|569|228|29
70|23|569|228|29
70|24|569|228|29
70|25|569|228|29
70|26|569|228|29
70|27|569|228|29
70|28|569|228|29
70|29|569|228|29
70|30|569|228|29
70|31|569|228|29
70|32|569|228|29
70|33|569|228|29
70|34|569|228|29
70|35|569|228|29
70|36|569|228|29
70|37|569|228|29
70|38|569|228|29
70|39|569|228|29
70|40|570|228|29
70|41|570|228|29
70|42|570|228|29
70|43|570|228|29
70|44|570|228|29
71|1|570|228|29
71|2|570|228|29
71|3|570|228|29
71|4|570|228|29
71|5|570|228|29
71|6|570|228|29
71|7|570|228|29
71|8|570|228|29
71|9|570|228|29
71|10|570|228|29
71|11|571|228|29
71|12|571|228|29
71|13|571|228|29
71|14|571|228|29
71|15|571|228|29
71|16|571|228|29
71|17|571|228|29
71|18|571|228|29
71|19|571|228|29
71|20|571|228|29
71|21|571|228|29
71|22|571|228|29
71|23|571|228|29
71|24|571|228|29
71|25|571|228|29
71|26|571|228|29
71|27|571|228|29
71|28|571|228|29
72|1|572|229|29
72|2|572|229|29
72|3|572|229|29
72|4|572|229|29
72|5|572|229|29
72|6|572|229|29
72|7|572|229|29
72|8|572|229|29
72|9|572|229|29
72|10|572|229|29
72|11|572|229|29
72|12|572|229|29
72|13|572|229|29
72|14|573|229|29
72|15|573|229|29
72|16|573|229|29
72|17|573|229|29
72|18|573|229|29
72|19|573|229|29
72|20|573|229|29
72|21|573|229|29
72|22|573|229|29
72|23|573|229|29
72|24|573|229|29
72|25|573|229|29
72|26|573|229|29
72|27|573|229|29
72|28|573|229|29
73|1|574|229|29
73|2|574|229|29
73|3|574|229|29
73|4|574|229|29
73|5|574|229|29
73|6|574|229|29
73|7|574|229|29
73|8|574|229|29
73|9|574|229|29
73|10|574|229|29
73|11|574|229|29
73|12|574|229|29
73|13|574|229|29
73|14|574|229|29
73|15|574|229|29
73|16|574|229|29
73|17|574|229|29
73|18|574|229|29
73|19|574|229|29
73|20|575|230|29
74|1|575|230|29
74|2|575|230|29
74|3|575|230|29
74|4|575|230|29
74|5|575|230|29
74|6|575|230|29
74|7|575|230|29
74|8|575|230|29
74|9|575|230|29
74|10|575|230|29
74|11|575|230|29
74|12|575|230|29
74|13|575|230|29
74|14|575|230|29
74|15|575|230|29
74|16|575|230|29
74|17|575|230|29
74|18|576|230|29
74|19|576|230|29
74|20|576|230|29
74|21|576|230|29
74|22|576|230|29
74|23|576|230|29
74|24|576|230|29
74|25|576|230|29
74|26|576|230|29
74|27|576|230|29
74|28|576|230|29
74|29|576|230|29
74|30|576|230|29
74|31|576|230|29
74|32|576|230|29
74|33|576|230|29
74|34|576|230|29
74|35|576|230|29
74|36|576|230|29
74|37|576|230|29
74|38|576|230|29
74|39|576|230|29
74|40|576|230|29
74|41|576|230|29
74|42|576|230|29
74|43|576|230|29
74|44|576|230|29
74|45|576|230|29
74|46|576|230|29
74|47|576|230|29
74|48|577|230|29
74|49|577|230|29
74|50|577|230|29
74|51|577|230|29
74|52|577|230|29
74|53|577|230|29
74|54|577|230|29
74|55|577|230|29
74|56|577|230|29
75|1|577|231|29
75|2|577|231|29
75|3|577|231|29
75|4|577|231|29
75|5|577|231|29
75|6|577|231|29
75|7|577|231|29
75|8|577|231|29
75|9|577|231|29
75|10|577|231|29
75|11|577|231|29
75|12|577|231|29
75|13|577|231|29
75|14|577|231|29
75|15|577|231|29
75|16|577|231|29
75|17|577|231|29
75|18|577|231|29
75|19|577|231|29
75|20|578|231|29
75|21|578|231|29
75|22|578|231|29
75|23|578|231|29
75|24|578|231|29
75|25|578|231|29
75|26|578|231|29
75|27|578|231|29
75|28|578|231|29
75|29|578|231|29
75|30|578|231|29
75|31|578|231|29
75|32|578|231|29
75|33|578|231|29
75|34|578|231|29
75|35|578|231|29
75|36|578|231|29
75|37|578|231|29
75|38|578|231|29
75|39|578|231|29
75|40|578|231|29
76|1|578|231|29
76|2|578|231|29
76|3|578|231|29
76|4|578|231|29
76|5|578|231|29
76|6|579|231|29
76|7|579|231|29
76|8|579|231|29
76|9|579|231|29
76|10|579|231|29
76|11|579|231|29
76|12|579|231|29
76|13|579|231|29
76|14|579|231|29
76|15|579|231|29
76|16|579|231|29
76|17|579|231|29
76|18|579|231|29
76|19|579|232|29
76|20|579|232|29
76|21|579|232|29
76|22|579|232|29
76|23|579|232|29
76|24|579|232|29
76|25|579|232|29
76|26|580|232|29
76|27|580|232|29
76|28|580|232|29
76|29|580|232|29
76|30|580|232|29
76|31|580|232|29
77|1|580|232|29
77|2|580|232|29
77|3|580|232|29
77|4|580|232|29
77|5|580|232|29
77|6|580|232|29
77|7|580|232|29
77|8|580|232|29
77|9|580|232|29
77|10|580|232|29
77|11|580|232|29
77|12|580|232|29
77|13|580|232|29
77|14|580|232|29
77|15|580|232|29
77|16|580|232|29
77|17|580|232|29
77|18|580|232|29
77|19|580|232|29
77|20|581|232|29
77|21|581|232|29
77|22|581|232|29
77|23|581|232|29
77|24|581|232|29
77|25|581|232|29
77|26|581|232|29
77|27|581|232|29
77|28|581|232|29
77|29|581|232|29
77|30|581|232|29
77|31|581|232|29
77|32|581|232|29
77|33|581|232|29
77|34|581|232|29
77|35|581|232|29
77|36|581|232|29
77|37|581|232|29
77|38|581|232|29
77|39|581|232|29
77|40|581|232|29
77|41|581|232|29
77|42|581|232|29
77|43|581|232|29
77|44|581|232|29
77|45|581|232|29
77|46|581|232|29
77|47|581|232|29
77|48|581|232|29
77|49|581|232|29
77|50|581|232|29
78|1|582|233|30
78|2|582|233|30
78|3|582|233|30
78|4|582|233|30
78|5|582|233|30
78|6|582|233|30
78|7|582|233|30
78|8|582|233|30
78|9|582|233|30
78|10|582|233|30
78|11|582|233|30
78|12|582|233|30
78|13|582|233|30
78|14|582|233|30
78|15|582|233|30
78|16|582|233|30
78|17|582|233|30
78|18|582|233|30
78|19|582|233|30
78|20|582|233|30
78|21|582|233|30
78|22|582|233|30
78|23|582|233|30
78|24|582|233|30
78|25|582|233|30
78|26|582|233|30
78|27|582|233|30
78|28|582|233|30
78|29|582|233|30
78|30|582|233|30
78|31|583|233|30
78|32|583|233|30
78|33|583|233|30
78|34|583|233|30
78|35|583|233|30
78|36|583|233|30
78|37|583|233|30
78|38|583|233|30
78|39|583|233|30
78|40|583|233|30
79|1|583|233|30
79|2|583|233|30
79|3|583|233|30
79|4|583|233|30
79|5|583|233|30
79|6|583|233|30
79|7|583|233|30
79|8|583|233|30
79|9|583|233|30
79|10|583|233|30
79|11|583|233|30
79|12|583|233|30
79|13|583|233|30
79|14|583|233|30
79|15|583|233|30
79|16|584|233|30
79|17|584|233|30
79|18|584|233|30
79|19|584|233|30
79|20|584|233|30
79|21|584|233|30
79|22|584|233|30
79|23|584|233|30
79|24|584|233|30
79|25|584|233|30
79|26|584|233|30
79|27|584|233|30
79|28|584|233|30
79|29|584|233|30
79|30|584|233|30
79|31|584|233|30
79|32|584|233|30
79|33|584|233|30
79|34|584|233|30
79|35|584|233|30
79|36|584|233|30
79|37|584|233|30
79|38|584|233|30
79|39|584|233|30
79|40|584|233|30
79|41|584|233|30
79|42|584|233|30
79|43|584|233|30
79|44|584|233|30
79|45|584|233|30
79|46|584|233|30
80|1|585|234|30
80|2|585|234|30
80|3|585|234|30
80|4|585|234|30
80|5|585|234|30
80|6|585|234|30
80|7|585|234|30
80|8|585|234|30
80|9|585|234|30
80|10|585|234|30
80|11|585|234|30
80|12|585|234|30
80|13|585|234|30
80|14|585|234|30
80|15|585|234|30
80|16|585|234|30
80|17|585|234|30
80|18|585|234|30
80|19|585|234|30
80|20|585|234|30
80|21|585|234|30
80|22|585|234|30
80|23|585|234|30
80|24|585|234|30
80|25|585|234|30
80|26|585|234|30
80|27|585|234|30
80|28|585|234|30
80|29|585|234|30
80|30|585|234|30
80|31|585|234|30
80|32|585|234|30
80|33|585|234|30
80|34|585|234|30
80|35|585|234|30
80|36|585|234|30
80|37|585|234|30
80|38|585|234|30
80|39|585|234|30
80|40|585|234|30
80|41|585|234|30
80|42|585|234|30
81|1|586|234|30
81|2|586|234|30
81|3|586|234|30
81|4|586|234|30
81|5|586|234|30
81|6|586|234|30
81|7|586|234|30
81|8|586|234|30
81|9|586|234|30
81|10|586|234|30
81|11|586|234|30
81|12|586|234|30
81|13|586|234|30
81|14|586|234|30
81|15|586|234|30
81|16|586|234|30
81|17|586|234|30
81|18|586|234|30
81|19|586|234|30
81|20|586|234|30
81|21|586|234|30
81|22|586|234|30
81|23|586|234|30
81|24|586|234|30
81|25|586|234|30
81|26|586|234|30
81|27|586|234|30
81|28|586|234|30
81|29|586|234|30
82|1|587|235|30
82|2|587|235|30
82|3|587|235|30
82|4|587|235|30
82|5|587|235|30
82|6|587|235|30
82|7|587|235|30
82|8|587|235|30
82|9|587|235|30
82|10|587|235|30
82|11|587|235|30
82|12|587|235|30
82|13|587|235|30
82|14|587|235|30
82|15|587|235|30
82|16|587|235|30
82|17|587|235|30
82|18|587|235|30
82|19|587|235|30
83|1|587|235|30
83|2|587|235|30
83|3|587|235|30
83|4|587|235|30
83|5|587|235|30
83|6|587|235|30
83|7|588|235|30
83|8|588|235|30
83|9|588|235|30
83|10|588|235|30
83|11|588|235|30
83|12|588|235|30
83|13|588|235|30
83|14|588|235|30
83|15|588|235|30
83|16|588|235|30
83|17|588|235|30
83|18|588|235|30
83|19|588|235|30
83|20|588|235|30
83|21|588|235|30
83|22|588|235|30
83|23|588|235|30
83|24|588|235|30
83|25|588|235|30
83|26|588|235|30
83|27|588|235|30
83|28|588|235|30
83|29|588|235|30
83|30|588|235|30
83|31|588|235|30
83|32|588|235|30
83|33|588|235|30
83|34|588|235|30
83|35|589|235|30
83|36|589|235|30
84|1|589|236|30
84|2|589|236|30
84|3|589|236|30
84|4|589|236|30
84|5|589|236|30
84|6|589|236|30
84|7|589|236|30
84|8|589|236|30
84|9|589|236|30
84|10|589|236|30
84|11|589|236|30
84|12|589|236|30
84|13|589|236|30
84|14|589|236|30
84|15|589|236|30
84|16|589|236|30
84|17|589|236|30
84|18|589|236|30
84|19|589|236|30
84|20|589|236|30
84|21|589|236|30
84|22|589|236|30
84|23|589|236|30
84|24|589|236|30
84|25|589|236|30
85|1|590|236|30
85|2|590|236|30
85|3|590|236|30
85|4|590|236|30
85|5|590|236|30
85|6|590|236|30
85|7|590|236|30
85|8|590|236|30
85|9|590|236|30
85|10|590|236|30
85|11|590|236|30
85|12|590|236|30
85|13|590|236|30
85|14|590|236|30
85|15|590|236|30
85|16|590|236|30
85|17|590|236|30
85|18|590|236|30
85|19|590|236|30
85|20|590|236|30
85|21|590|236|30
85|22|590|236|30
86|1|591|236|30
86|2|591|236|30
86|3|591|236|30
86|4|591|236|30
86|5|591|236|30
86|6|591|236|30
86|7|591|236|30
86|8|591|236|30
86|9|591|236|30
86|10|591|236|30
86|11|591|236|30
86|12|591|236|30
86|13|591|236|30
86|14|591|236|30
86|15|591|236|30
86|16|591|236|30
86|17|591|236|30
87|1|591|237|30
87|2|591|237|30
87|3|591|237|30
87|4|591|237|30
87|5|591|237|30
87|6|591|237|30
87|7|591|237|30
87|8|591|237|30
87|9|591|237|30
87|10|591|237|30
87|11|591|237|30
87|12|591|237|30
87|13|591|237|30
87|14|591|237|30
87|15|591|237|30
87|16|592|237|30
87|17|592|237|30
87|18|592|237|30
87|19|592|237|30
88|1|592|237|30
88|2|592|237|30
88|3|592|237|30
88|4|592|237|30
88|5|592|237|30
88|6|592|237|30
88|7|592|237|30
88|8|592|237|30
88|9|592|237|30
88|10|592|237|30
88|11|592|237|30
88|12|592|237|30
88|13|592|237|30
88|14|592|237|30
88|15|592|237|30
88|16|592|237|30
88|17|592|237|30
88|18|592|237|30
88|19|592|237|30
88|20|592|237|30
88|21|592|237|30
88|22|592|237|30
88|23|592|237|30
88|24|592|237|30
88|25|592|237|30
88|26|592|237|30
89|1|593|237|30
89|2|593|237|30
89|3|593|237|30
89|4|593|237|30
89|5|593|237|30
89|6|593|237|30
89|7|593|237|30
89|8|593|237|30
89|9|593|237|30
89|10|593|237|30
89|11|593|237|30
89|12|593|237|30
89|13|593|237|30
89|14|593|237|30
89|15|593|237|30
89|16|593|237|30
89|17|593|237|30
89|18|593|237|30
89|19|593|237|30
89|20|593|237|30
89|21|593|237|30
89|22|593|237|30
89|23|593|237|30
89|24|594|237|30
89|25|594|237|30
89|26|594|237|30
89|27|594|237|30
89|28|594|237|30
89|29|594|237|30
89|30|594|237|30
90|1|594|238|30
90|2|594|238|30
90|3|594|238|30
90|4|594|238|30
90|5|594|238|30
90|6|594|238|30
90|7|594|238|30
90|8|594|238|30
90|9|594|238|30
90|10|594|238|30
90|11|594|238|30
90|12|594|238|30
90|13|594|238|30
90|14|594|238|30
90|15|594|238|30
90|16|594|238|30
90|17|594|238|30
90|18|594|238|30
90|19|594|238|30
90|20|594|238|30
91|1|595|238|30
91|2|595|238|30
91|3|595|238|30
91|4|595|238|30
91|5|595|238|30
91|6|595|238|30
91|7|595|238|30
91|8|595|238|30
91|9|595|238|30
91|10|595|238|30
91|11|595|238|30
91|12|595|238|30
91|13|595|238|30
91|14|595|238|30
91|15|595|238|30
92|1|595|238|30
92|2|595|238|30
92|3|595|238|30
92|4|595|238|30
92|5|595|238|30
92|6|595|238|30
92|7|595|238|30
92|8|595|238|30
92|9|595|238|30
92|10|595|238|30
92|11|595|238|30
92|12|595|238|30
92|13|595|238|30
92|14|595|238|30
92|15|596|238|30
92|16|596|238|30
92|17|596|238|30
92|18|596|238|30
92|19|596|238|30
92|20|596|238|30
92|21|596|238|30
93|1|596|238|30
93|2|596|238|30
93|3|596|238|30
93|4|596|238|30
93|5|596|238|30
93|6|596|238|30
93|7|596|238|30
93|8|596|238|30
93|9|596|238|30
93|10|596|238|30
93|11|596|238|30
94|1|596|239|30
94|2|596|239|30
94|3|596|239|30
94|4|596|239|30
94|5|596|239|30
94|6|596|239|30
94|7|596|239|30
94|8|596|239|30
95|1|597|239|30
95|2|597|239|30
95|3|597|239|30
95|4|597|239|30
95|5|597|239|30
95|6|597|239|30
95|7|597|239|30
95|8|597|239|30
96|1|597|239|30
96|2|597|239|30
96|3|597|239|30
96|4|597|239|30
96|5|597|239|30
96|6|597|239|30
96|7|597|239|30
96|8|597|239|30
96|9|597|239|30
96|10|597|239|30
96|11|597|239|30
96|12|597|239|30
96|13|597|239|30
96|14|597|239|30
96|15|597|239|30
96|16|597|239|30
96|17|597|239|30
96|18|597|239|30
96|19|597|239|30
97|1|598|239|30
97|2|598|239|30
97|3|598|239|30
97|4|598|239|30
97|5|598|239|30
98|1|598|239|30
98|2|598|239|30
98|3|598|239|30
98|4|598|239|30
98|5|598|239|30
98|6|598|239|30
98|7|598|239|30
98|8|599|239|30
99|1|599|239|30
99|2|599|239|30
99|3|599|239|30
99|4|599|239|30
99|5|599|239|30
99|6|599|239|30
99|7|599|239|30
99|8|599|239|30
100|1|599|239|30
100|2|599|239|30
100|3|599|239|30
100|4|599|239|30
100|5|599|239|30
100|6|599|239|30
100|7|599|239|30
100|8|599|239|30
100|9|599|240|30
100|10|600|240|30
100|11|600|240|30
101|1|600|240|30
101|2|600|240|30
101|3|600|240|30
101|4|600|240|30
101|5|600|240|30
101|6|600|240|30
101|7|600|240|30
101|8|600|240|30
101|9|600|240|30
101|10|600|240|30
101|11|600|240|30
102|1|600|240|30
102|2|600|240|30
102|3|600|240|30
102|4|600|240|30
102|5|600|240|30
102|6|600|240|30
102|7|600|240|30
102|8|600|240|30
103|1|601|240|30
103|2|601|240|30
103|3|601|240|30
104|1|601|240|30
104|2|601|240|30
104|3|601|240|30
104|4|601|240|30
104|5|601|240|30
104|6|601|240|30
104|7|601|240|30
104|8|601|240|30
104|9|601|240|30
105|1|601|240|30
105|2|601|240|30
105|3|601|240|30
105|4|601|240|30
105|5|601|240|30
106|1|602|240|30
106|2|602|240|30
106|3|602|240|30
106|4|602|240|30
107|1|602|240|30
107|2|602|240|30
107|3|602|240|30
107|4|602|240|30
107|5|602|240|30
107|6|602|240|30
107|7|602|240|30
108|1|602|240|30
108|2|602|240|30
108|3|602|240|30
109|1|603|240|30
109|2|603|240|30
109|3|603|240|30
109|4|603|240|30
109|5|603|240|30
109|6|603|240|30
110|1|603|240|30
110|2|603|240|30
110|3|603|240|30
111|1|603|240|30
111|2|603|240|30
111|3|603|240|30
111|4|603|240|30
111|5|603|240|30
112|1|604|240|30
112|2|604|240|30
112|3|604|240|30
112|4|604|240|30
113|1|604|240|30
113|2|604|240|30
113|3|604|240|30
113|4|604|240|30
113|5|604|240|30
114|1|604|240|30
114|2|604|240|30
114|3|604|240|30
114|4|604|240|30
114|5|604|240|30
114|6|604|240|30
